Date;Open;High;Low;Close;Volume
2024.01.02 00:00;2064.98;2069.97;2062.17;2066.53;18755
2024.01.02 04:00;2066.5;2074.95;2063.89;2074.34;22517
2024.01.02 08:00;2074.36;2078.99;2071.7;2077.14;71082
2024.01.02 12:00;2077.14;2077.87;2064.76;2066.37;93911
2024.01.02 16:00;2066.38;2070.79;2055.82;2062.63;136120
2024.01.02 20:00;2062.66;2065.02;2057.83;2058.89;34267
2024.01.03 00:00;2058.97;2062.61;2058.63;2062.42;14360
2024.01.03 04:00;2062.4;2066.05;2061.47;2064.05;16843
2024.01.03 08:00;2064.05;2065.46;2054.2;2056.8;64244
2024.01.03 12:00;2056.81;2057.25;2038.6;2041;105773
2024.01.03 16:00;2041.01;2048.8;2030.49;2033.33;164413
2024.01.03 20:00;2033.23;2042.43;2030.49;2041.04;76240
2024.01.04 00:00;2042.14;2043.95;2039.98;2042.18;13590
2024.01.04 04:00;2042.16;2046.92;2042.16;2043.64;20830
2024.01.04 08:00;2043.61;2051.04;2043.5;2048;74016
2024.01.04 12:00;2047.88;2050.82;2038.68;2040.09;77958
2024.01.04 16:00;2040.1;2047.73;2036.1;2043.23;109667
2024.01.04 20:00;2043.24;2044.92;2041.4;2043.5;28116
2024.01.05 00:00;2043.43;2048.31;2042.64;2046.08;15140
2024.01.05 04:00;2046.1;2047.86;2043.01;2044.44;15338
2024.01.05 08:00;2044.44;2047.06;2038.32;2039.03;61833
2024.01.05 12:00;2039.03;2042.02;2024.34;2040.05;109508
2024.01.05 16:00;2040.06;2064.07;2038.64;2042.05;221326
2024.01.05 20:00;2042.04;2050.42;2040.39;2045.06;56098
2024.01.08 00:00;2044.75;2046.55;2042.74;2043.71;13868
2024.01.08 04:00;2043.71;2043.84;2026.89;2030.74;32934
2024.01.08 08:00;2030.7;2033.31;2026.4;2028.98;81175
2024.01.08 12:00;2028.98;2029.59;2016.61;2019.05;101478
2024.01.08 16:00;2019.06;2036.95;2018.38;2027.59;123843
2024.01.08 20:00;2027.56;2029.91;2026.01;2027.92;33359
2024.01.09 00:00;2028.37;2035.71;2027.84;2032.19;17569
2024.01.09 04:00;2032.16;2035.82;2030.17;2032.78;23542
2024.01.09 08:00;2032.76;2038.34;2031.06;2035.43;73476
2024.01.09 12:00;2035.43;2042.09;2031.55;2038.75;85210
2024.01.09 16:00;2038.74;2040.23;2025.95;2027.74;130641
2024.01.09 20:00;2027.74;2031.21;2026.69;2030.02;46279
2024.01.10 00:00;2030.7;2032.55;2027.12;2031.75;14933
2024.01.10 04:00;2031.75;2032.91;2025.5;2026.61;21769
2024.01.10 08:00;2026.7;2036.21;2023.72;2035.69;80651
2024.01.10 12:00;2035.67;2040.37;2029.89;2030.28;81887
2024.01.10 16:00;2030.27;2033.5;2022.1;2024;129542
2024.01.10 20:00;2023.97;2025.1;2020.31;2024.09;70873
2024.01.11 00:00;2025.02;2030.42;2024.61;2029.75;14870
2024.01.11 04:00;2029.75;2034.67;2028.67;2032.94;22475
2024.01.11 08:00;2032.94;2035.75;2030.06;2031.18;61864
2024.01.11 12:00;2031.18;2045.8;2025.13;2029.39;119357
2024.01.11 16:00;2029.4;2034.91;2013.16;2014.45;240758
2024.01.11 20:00;2014.42;2029.66;2013.72;2028.63;80545
2024.01.12 00:00;2029.29;2035.68;2029.15;2033.82;23419
2024.01.12 04:00;2033.85;2037.21;2032.71;2036;18213
2024.01.12 08:00;2035.98;2040.15;2034.04;2038.11;76003
2024.01.12 12:00;2038.1;2056.71;2037.92;2056.02;155707
2024.01.12 16:00;2056;2062.33;2041.29;2044.02;228868
2024.01.12 20:00;2044;2049.26;2042.87;2048.76;60402
2024.01.15 00:00;2048.46;2051.45;2045.68;2051.07;19446
2024.01.15 04:00;2050.97;2058.09;2049.7;2054.97;27895
2024.01.15 08:00;2054.97;2058.66;2052.8;2054.99;68309
2024.01.15 12:00;2055;2055.23;2051.27;2054.33;64574
2024.01.15 16:00;2054.34;2056.41;2049.15;2055.46;63631
2024.01.15 20:00;2055.48;2055.53;2053.49;2054.6;5198
2024.01.16 00:00;2055.07;2055.59;2049.81;2050.8;19701
2024.01.16 04:00;2050.79;2051.65;2047.41;2048.52;21066
2024.01.16 08:00;2048.42;2050.99;2038.62;2041.21;84247
2024.01.16 12:00;2041.21;2045.22;2031.22;2037.58;112380
2024.01.16 16:00;2037.59;2042.69;2024.82;2025.19;176581
2024.01.16 20:00;2025.21;2030.22;2024.19;2028.21;50085
2024.01.17 00:00;2027.75;2030.75;2025.56;2030.21;18692
2024.01.17 04:00;2030.19;2033;2019.35;2020.62;33974
2024.01.17 08:00;2020.65;2026.7;2017.49;2023.89;96561
2024.01.17 12:00;2023.89;2029.08;2019.05;2022.45;131873
2024.01.17 16:00;2022.42;2023.14;2003.28;2006.93;209112
2024.01.17 20:00;2006.94;2007.26;2001.68;2006.2;71891
2024.01.18 00:00;2006.87;2012.01;2006.73;2011.57;17156
2024.01.18 04:00;2011.57;2011.86;2005.65;2009.08;22254
2024.01.18 08:00;2009.08;2014.17;2008.03;2010.13;79540
2024.01.18 12:00;2010.13;2017.34;2007.29;2008.93;103964
2024.01.18 16:00;2009.14;2017.82;2008.94;2016.22;154252
2024.01.18 20:00;2016.42;2023.31;2015.45;2022.84;58627
2024.01.19 00:00;2024.17;2025.55;2021.01;2023.97;19363
2024.01.19 04:00;2023.97;2025.07;2020.26;2021.68;16296
2024.01.19 08:00;2021.66;2030.95;2020.73;2029.89;74132
2024.01.19 12:00;2029.9;2039.5;2028.65;2035.2;91520
2024.01.19 16:00;2035.21;2035.81;2022.94;2028.93;165583
2024.01.19 20:00;2028.94;2030.03;2026.28;2029.33;43966
2024.01.22 00:00;2028.53;2032.19;2025.36;2029.06;16737
2024.01.22 04:00;2029.07;2030.05;2021.68;2023.23;23560
2024.01.22 08:00;2023.23;2026.26;2019;2021.69;87182
2024.01.22 12:00;2021.68;2030.27;2020.94;2023.26;104701
2024.01.22 16:00;2023.27;2026.64;2016.42;2021.52;145394
2024.01.22 20:00;2021.51;2021.99;2018.96;2021.15;47883
2024.01.23 00:00;2021.71;2023.18;2019.51;2021.59;11467
2024.01.23 04:00;2021.7;2031.76;2020.72;2030.77;29524
2024.01.23 08:00;2030.73;2037.98;2026.94;2028.6;100153
2024.01.23 12:00;2028.59;2030.28;2022.36;2024.81;104034
2024.01.23 16:00;2024.81;2027.83;2021.31;2024.25;140054
2024.01.23 20:00;2024.26;2030.78;2022.87;2029.05;50714
2024.01.24 00:00;2029.59;2029.61;2026.27;2027.18;12740
2024.01.24 04:00;2027.18;2027.51;2022.69;2024.43;18928
2024.01.24 08:00;2024.53;2034.21;2023.59;2030.77;100527
2024.01.24 12:00;2030.76;2036.78;2029.21;2033.87;127006
2024.01.24 16:00;2033.87;2034.81;2011.72;2019.24;214850
2024.01.24 20:00;2019.23;2019.86;2011.06;2014.21;72538
2024.01.25 00:00;2015.98;2017.69;2014.39;2016.39;16433
2024.01.25 04:00;2016.37;2017.02;2014.47;2015.52;14488
2024.01.25 08:00;2015.56;2018.29;2012.55;2017.95;76125
2024.01.25 12:00;2017.74;2023.03;2009.47;2019.45;125278
2024.01.25 16:00;2019.35;2025.44;2012.35;2014.93;164199
2024.01.25 20:00;2014.94;2020.35;2013.32;2019.92;46815
2024.01.26 00:00;2020.29;2024.26;2019.21;2021.83;15726
2024.01.26 04:00;2021.81;2023.96;2020.92;2022.91;13468
2024.01.26 08:00;2022.91;2023.45;2018.17;2020.82;62693
2024.01.26 12:00;2020.81;2026.75;2018.6;2024.55;97830
2024.01.26 16:00;2024.55;2026.18;2015.81;2016.61;130672
2024.01.26 20:00;2016.59;2019.33;2015.92;2018.34;35002
2024.01.29 00:00;2023.75;2028.48;2019.18;2023.13;25452
2024.01.29 04:00;2023.16;2027.63;2021.41;2025.43;17862
2024.01.29 08:00;2025.43;2033.94;2024.74;2028.22;54419
2024.01.29 12:00;2028.22;2037.46;2025.37;2036.95;58945
2024.01.29 16:00;2036.94;2037.33;2020.43;2029.3;85770
2024.01.29 20:00;2029.29;2035.25;2024.93;2031.72;45731
2024.01.30 00:00;2032.77;2034.13;2029.15;2031.03;12770
2024.01.30 04:00;2031.03;2033.36;2029.67;2032.11;13147
2024.01.30 08:00;2032.13;2040.48;2031.97;2035.7;70397
2024.01.30 12:00;2035.7;2038.04;2030.78;2037.7;84981
2024.01.30 16:00;2037.69;2048.64;2028.96;2033.86;188080
2024.01.30 20:00;2033.85;2037.09;2031.36;2036.39;44753
2024.01.31 00:00;2036.44;2038.71;2034.37;2034.68;10939
2024.01.31 04:00;2034.66;2035.21;2032.73;2035.02;13119
2024.01.31 08:00;2035.12;2040.5;2033.54;2038.18;66686
2024.01.31 12:00;2038.18;2043.29;2035.92;2041.8;91111
2024.01.31 16:00;2041.81;2056.07;2040.62;2049.71;194481
2024.01.31 20:00;2049.7;2050.84;2030.79;2038.75;192712
2024.02.01 00:00;2039.78;2042.72;2039.18;2041.31;14695
2024.02.01 04:00;2041.27;2049.66;2041.15;2044.59;21853
2024.02.01 08:00;2044.57;2044.93;2038.92;2040.96;77269
2024.02.01 12:00;2040.96;2042.08;2029.93;2039.93;142759
2024.02.01 16:00;2039.93;2065.54;2039.8;2054.55;249196
2024.02.01 20:00;2054.52;2058.8;2052.01;2054.62;86163
2024.02.02 00:00;2054.46;2056.99;2052.77;2054.69;11251
2024.02.02 04:00;2054.69;2056.61;2051.8;2055.47;14324
2024.02.02 08:00;2055.5;2056.97;2052.57;2053.03;46781
2024.02.02 12:00;2053.02;2057.73;2029.35;2031.8;99733
2024.02.02 16:00;2031.8;2037.61;2027.73;2035.2;165090
2024.02.02 20:00;2035.19;2039.69;2034.29;2039.44;46334
2024.02.05 00:00;2041.8;2042.29;2033.48;2037.97;24183
2024.02.05 04:00;2037.94;2038.73;2028.81;2029.72;27062
2024.02.05 08:00;2029.73;2031.55;2020.54;2022.65;75760
2024.02.05 12:00;2022.65;2028.45;2014.82;2016.07;85036
2024.02.05 16:00;2016.08;2026.53;2014.76;2025.52;140742
2024.02.05 20:00;2025.52;2027.59;2023.88;2024.74;44955
2024.02.06 00:00;2025.3;2028.67;2023.59;2027.17;9562
2024.02.06 04:00;2027.2;2029.86;2023.34;2029.36;19192
2024.02.06 08:00;2029.36;2029.67;2022.77;2023.55;50021
2024.02.06 12:00;2023.55;2031;2022.84;2029.13;40507
2024.02.06 16:00;2029.12;2038.96;2026.79;2036.9;52441
2024.02.06 20:00;2036.88;2038.26;2033.7;2035.86;20120
2024.02.07 00:00;2035.68;2036.36;2034.2;2035;5557
2024.02.07 04:00;2034.98;2035.61;2033.15;2033.24;8376
2024.02.07 08:00;2033.39;2036.24;2031.11;2034.35;25987
2024.02.07 12:00;2034.35;2036.72;2030.5;2036.24;32418
2024.02.07 16:00;2036.24;2044.64;2032.66;2035.66;52681
2024.02.07 20:00;2035.58;2037.22;2033.53;2034.76;17446
2024.02.08 00:00;2035.68;2038.19;2035.53;2037.24;5553
2024.02.08 04:00;2037.24;2038.7;2031.01;2033.43;12433
2024.02.08 08:00;2033.45;2036.07;2028.8;2035.43;25564
2024.02.08 12:00;2035.22;2038.52;2020.81;2021.2;41185
2024.02.08 16:00;2021.01;2034.03;2020.08;2031.69;48175
2024.02.08 20:00;2031.67;2035.44;2031.02;2033.97;18421
2024.02.09 00:00;2034.85;2035.11;2031.91;2034.21;5432
2024.02.09 04:00;2034.21;2035.18;2032;2032.78;6856
2024.02.09 08:00;2032.82;2035.02;2030.4;2031.62;22920
2024.02.09 12:00;2031.62;2037.28;2025.47;2027.1;36149
2024.02.09 16:00;2027.14;2030.58;2020.2;2024.64;48361
2024.02.09 20:00;2024.52;2026.39;2022.68;2023.79;18201
2024.02.12 00:00;2026.07;2026.8;2023.37;2023.52;5422
2024.02.12 04:00;2023.49;2024.2;2021.7;2023.78;7773
2024.02.12 08:00;2023.75;2027.33;2020.3;2020.86;25488
2024.02.12 12:00;2020.83;2027.59;2018.45;2018.95;33676
2024.02.12 16:00;2018.97;2020.38;2011.75;2019.52;45016
2024.02.12 20:00;2019.22;2021.65;2017.67;2019.87;21667
2024.02.13 00:00;2019.76;2021.19;2018.16;2020.25;4572
2024.02.13 04:00;2020.29;2021.7;2016.79;2020.61;8654
2024.02.13 08:00;2020.72;2026.94;2020.58;2026.58;25545
2024.02.13 12:00;2026.57;2031.91;2002.94;2004.46;38935
2024.02.13 16:00;2004.45;2005.98;1989.97;1993.64;55128
2024.02.13 20:00;1993.63;1995.82;1991.1;1992.85;20832
2024.02.14 00:00;1992.09;1993.18;1988.75;1992.8;6865
2024.02.14 04:00;1992.82;1993.55;1991.09;1992.91;6917
2024.02.14 08:00;1993.02;1993.16;1985.92;1991.23;28875
2024.02.14 12:00;1991.22;1993.38;1988.58;1989.19;34698
2024.02.14 16:00;1989.21;1995.35;1984.03;1994.21;48953
2024.02.14 20:00;1994.22;1996.12;1989.5;1992.03;19387
2024.02.15 00:00;1993.26;1994.37;1992.16;1992.5;5192
2024.02.15 04:00;1992.47;1993.57;1990.09;1991.88;6672
2024.02.15 08:00;1991.78;1996.85;1991.52;1996.36;21266
2024.02.15 12:00;1996.25;2004.21;1995.57;2003.69;35132
2024.02.15 16:00;2003.71;2008.38;1998.41;2003.54;51610
2024.02.15 20:00;2003.53;2006.52;2002.68;2004.14;19011
2024.02.16 00:00;2004.56;2005.69;2002.28;2005.48;4647
2024.02.16 04:00;2005.48;2005.59;2003.17;2004.43;6298
2024.02.16 08:00;2004.33;2006.52;2002.58;2005.03;19757
2024.02.16 12:00;2005.02;2008.18;1995.19;2001.32;31234
2024.02.16 16:00;2001.53;2014.5;1995.24;2013.21;50804
2024.02.16 20:00;2013.32;2015.24;2010.96;2013.58;21323
2024.02.19 00:00;2012.06;2020.81;2011.38;2019.86;12700
2024.02.19 04:00;2019.62;2022.92;2018.14;2020.67;12782
2024.02.19 08:00;2020.68;2023.04;2019.01;2020.13;22433
2024.02.19 12:00;2020.14;2020.66;2015.87;2016.81;24219
2024.02.19 16:00;2016.81;2018.59;2013.15;2017.33;24087
2024.02.19 20:00;2017.31;2018.54;2016.79;2017.91;3203
2024.02.20 00:00;2016.88;2019.17;2014.87;2016.9;7121
2024.02.20 04:00;2016.9;2019.76;2016.75;2018.46;8418
2024.02.20 08:00;2018.42;2025.22;2017.62;2024.14;28435
2024.02.20 12:00;2024.15;2030.87;2023.41;2029.93;36835
2024.02.20 16:00;2030.02;2030.94;2025.39;2028.67;35335
2024.02.20 20:00;2028.65;2028.97;2023.46;2023.74;14399
2024.02.21 00:00;2024.15;2026.12;2022.81;2025.34;5500
2024.02.21 04:00;2025.33;2032.27;2025.23;2030.99;14265
2024.02.21 08:00;2031.02;2031.2;2025.83;2028.17;25655
2024.02.21 12:00;2028.16;2031.62;2027.27;2028.81;28287
2024.02.21 16:00;2028.8;2030.4;2021.37;2024.19;39769
2024.02.21 20:00;2024.21;2027.08;2020.05;2025.64;27376
2024.02.22 00:00;2026.22;2028.55;2024.97;2026.96;6438
2024.02.22 04:00;2026.96;2030.05;2025.35;2028.39;10847
2024.02.22 08:00;2028.4;2034.86;2028.2;2030.18;30613
2024.02.22 12:00;2030.18;2031.3;2022.85;2025.7;33691
2024.02.22 16:00;2025.74;2026.64;2019.62;2022.91;48741
2024.02.22 20:00;2022.95;2025.04;2019.48;2024.43;18251
2024.02.23 00:00;2024.29;2027.27;2022.65;2026.9;7433
2024.02.23 04:00;2026.81;2027.35;2022.06;2022.36;8777
2024.02.23 08:00;2022.32;2022.68;2015.92;2016.74;29448
2024.02.23 12:00;2016.84;2029.26;2016.45;2025.31;36150
2024.02.23 16:00;2025.31;2039.87;2024.03;2037.96;46830
2024.02.23 20:00;2037.97;2041.39;2034.93;2035.69;22019
2024.02.26 00:00;2033.22;2035;2029.81;2031.31;9948
2024.02.26 04:00;2031.29;2034.35;2030.48;2033.02;8983
2024.02.26 08:00;2033;2037.1;2031.78;2032.95;27700
2024.02.26 12:00;2032.94;2035.5;2030.64;2032.61;33919
2024.02.26 16:00;2032.69;2032.99;2024.94;2028.58;37687
2024.02.26 20:00;2028.68;2033.69;2028.04;2030.83;18956
2024.02.27 00:00;2030.85;2033.79;2030.5;2033.59;5246
2024.02.27 04:00;2033.61;2034.6;2032.27;2033.57;7572
2024.02.27 08:00;2033.61;2039.51;2033.12;2036.5;25471
2024.02.27 12:00;2036.61;2039.2;2034.51;2035.54;32228
2024.02.27 16:00;2035.54;2037.77;2029.62;2032.23;39956
2024.02.27 20:00;2032.26;2036.15;2028.63;2030.22;19558
2024.02.28 00:00;2029.84;2033.79;2029.07;2033.41;6367
2024.02.28 04:00;2033.41;2033.66;2029.66;2030.93;9478
2024.02.28 08:00;2030.9;2032.12;2024.76;2024.9;25412
2024.02.28 12:00;2024.87;2036.15;2024.38;2035.91;33932
2024.02.28 16:00;2035.72;2037.94;2030.3;2033.75;38174
2024.02.28 20:00;2033.75;2035.26;2030.71;2034.86;16687
2024.02.29 00:00;2035.24;2036.57;2033.78;2036.42;5143
2024.02.29 04:00;2036.41;2037.12;2034.24;2035.58;8906
2024.02.29 08:00;2035.56;2037.94;2033.93;2034.56;23769
2024.02.29 12:00;2034.46;2048.75;2027.97;2047.52;39040
2024.02.29 16:00;2047.51;2050.78;2043.18;2045.76;49301
2024.02.29 20:00;2045.74;2046.95;2042.68;2043.75;19734
2024.03.01 00:00;2043.47;2044.77;2042.68;2044.27;5671
2024.03.01 04:00;2044.27;2046.87;2043.31;2045;8023
2024.03.01 08:00;2045.03;2048.86;2038.92;2046.3;30077
2024.03.01 12:00;2046.31;2057.51;2045.82;2051.61;40105
2024.03.01 16:00;2051.61;2085.75;2045.54;2084.72;56381
2024.03.01 20:00;2084.71;2088.38;2082.17;2083.31;23657
2024.03.04 00:00;2082.62;2086.23;2079.37;2080.1;12498
2024.03.04 04:00;2080.12;2083.48;2079.83;2081.58;9896
2024.03.04 08:00;2081.45;2088.34;2081.01;2085.08;25246
2024.03.04 12:00;2085.25;2093.27;2081.07;2091.53;25991
2024.03.04 16:00;2091.57;2119.94;2090.4;2116.53;51473
2024.03.04 20:00;2116.53;2118.58;2113.25;2114.94;18495
2024.03.05 00:00;2113.84;2116.86;2110.43;2112.65;10706
2024.03.05 04:00;2112.71;2119.77;2111.15;2119.18;14595
2024.03.05 08:00;2119.17;2125.35;2113.88;2124.47;30304
2024.03.05 12:00;2124.42;2141.81;2121.1;2127.66;40097
2024.03.05 16:00;2127.67;2139.63;2123.58;2130.84;55306
2024.03.05 20:00;2130.86;2134.78;2126.97;2127.57;23261
2024.03.06 00:00;2127.37;2128.5;2125.04;2125.42;9660
2024.03.06 04:00;2125.41;2128.01;2123.59;2125.22;11671
2024.03.06 08:00;2125.24;2131.56;2124.25;2128.72;24506
2024.03.06 12:00;2128.71;2139.71;2124.59;2139.34;32445
2024.03.06 16:00;2139.36;2150.1;2132.13;2144.69;53301
2024.03.06 20:00;2144.68;2152.27;2139.38;2148.24;26833
2024.03.07 00:00;2147.72;2151.47;2144.2;2146.27;14258
2024.03.07 04:00;2146.28;2161.61;2145.58;2154.41;23474
2024.03.07 08:00;2154.54;2159.86;2151.63;2157.76;31842
2024.03.07 12:00;2157.75;2164.76;2153.23;2159.62;36060
2024.03.07 16:00;2159.46;2159.7;2147.98;2158.28;43820
2024.03.07 20:00;2158.29;2160.94;2155.99;2159.39;15510
2024.03.08 00:00;2158.85;2163.59;2157.59;2157.89;10320
2024.03.08 04:00;2157.84;2159.19;2153.96;2157.66;13636
2024.03.08 08:00;2157.64;2171.16;2156.35;2169;30237
2024.03.08 12:00;2169.01;2185.48;2156.09;2171.19;36817
2024.03.08 16:00;2171.17;2195.22;2163.8;2184.94;59251
2024.03.08 20:00;2185;2185.04;2168.24;2178.5;25628
2024.03.11 00:00;2179.67;2189.03;2177.09;2180.3;16750
2024.03.11 04:00;2180.31;2181.7;2176.79;2177.93;14330
2024.03.11 08:00;2177.95;2183.17;2175.91;2180.59;27136
2024.03.11 12:00;2180.57;2185.16;2174.72;2181.82;35114
2024.03.11 16:00;2181.85;2185.77;2175.49;2179.56;39667
2024.03.11 20:00;2179.61;2184.2;2177.12;2182.56;13063
2024.03.12 00:00;2181.74;2184.76;2179.93;2182.71;12150
2024.03.12 04:00;2182.7;2182.93;2174.28;2176.22;15172
2024.03.12 08:00;2176.19;2179.13;2173.56;2176.98;22537
2024.03.12 12:00;2176.98;2182.01;2156.21;2160.36;20217
2024.03.12 16:00;2160.49;2166.45;2152.61;2154.95;17631
2024.03.12 20:00;2154.97;2158.97;2150.5;2158.57;6328
2024.03.13 00:00;2158.26;2161.39;2155.72;2158.5;7209
2024.03.13 04:00;2158.55;2161.55;2157.24;2160.06;6213
2024.03.13 08:00;2160.06;2161.45;2157.55;2158.5;9655
2024.03.13 12:00;2158.5;2171.58;2158.1;2166.1;14978
2024.03.13 16:00;2166.07;2179.85;2163.58;2174.53;18325
2024.03.13 20:00;2174.53;2176.54;2171.75;2174.5;5702
2024.03.14 00:00;2173.97;2176.97;2173.02;2174.71;5816
2024.03.14 04:00;2174.71;2175.4;2168.61;2168.81;6856
2024.03.14 08:00;2168.86;2172.02;2167.42;2170;9400
2024.03.14 12:00;2169.98;2170.86;2158.53;2162.45;17280
2024.03.14 16:00;2162.54;2164.99;2152.75;2160.24;17612
2024.03.14 20:00;2160.2;2163.87;2160.18;2161.7;4557
2024.03.15 00:00;2162.22;2165.95;2160.57;2162.57;5171
2024.03.15 04:00;2162.57;2169.18;2161.57;2169.06;6276
2024.03.15 08:00;2169.15;2172.71;2165.3;2171.85;10776
2024.03.15 12:00;2171.85;2172.66;2156.51;2160.04;15402
2024.03.15 16:00;2159.49;2166.58;2155.17;2156.79;16825
2024.03.15 20:00;2156.79;2160.25;2155.35;2156.08;4244
2024.03.18 00:00;2154.24;2157.44;2150.13;2152.27;6660
2024.03.18 04:00;2152.27;2153.42;2146.08;2146.97;6812
2024.03.18 08:00;2146.97;2155.89;2146.67;2154.78;9340
2024.03.18 12:00;2154.78;2163.58;2154.54;2156.74;13972
2024.03.18 16:00;2156.69;2161.35;2154.58;2159.96;13465
2024.03.18 20:00;2159.86;2160.98;2159.14;2160.1;3439
2024.03.19 00:00;2159.78;2162.77;2158.58;2160.48;5270
2024.03.19 04:00;2160.48;2162.77;2157.07;2157.64;8213
2024.03.19 08:00;2157.6;2157.8;2147.14;2153.21;13382
2024.03.19 12:00;2153.21;2158.67;2150.42;2151.17;15162
2024.03.19 16:00;2151.25;2157.35;2148.42;2156.91;13829
2024.03.19 20:00;2156.91;2158.47;2155.48;2157.57;3525
2024.03.20 00:00;2157.54;2160.03;2155.12;2158.64;4530
2024.03.20 04:00;2158.64;2160.21;2156.57;2157.44;4134
2024.03.20 08:00;2157.42;2159.52;2153.17;2154.74;8597
2024.03.20 12:00;2154.74;2158.67;2149.61;2157.91;12728
2024.03.20 16:00;2157.95;2164.86;2154.68;2156.97;13872
2024.03.20 20:00;2161.74;2188.77;2158.86;2185.57;18838
2024.03.21 00:00;2187.74;2222.65;2186.52;2204.78;17349
2024.03.21 04:00;2204.78;2206.33;2201.75;2204.9;9162
2024.03.21 08:00;2204.87;2210.17;2196.88;2205.43;16767
2024.03.21 12:00;2205.43;2211.72;2191.59;2191.81;20101
2024.03.21 16:00;2191.22;2191.92;2166.43;2180.86;22815
2024.03.21 20:00;2180.86;2183.97;2180.35;2181.06;4698
2024.03.22 00:00;2182.02;2186.03;2172.7;2173.48;8313
2024.03.22 04:00;2173.48;2177.1;2171.84;2174.24;10926
2024.03.22 08:00;2174.22;2176.32;2162.6;2166.66;15218
2024.03.22 12:00;2166.66;2180.09;2165.25;2178.07;17614
2024.03.22 16:00;2178.14;2179.89;2157.09;2159.18;20436
2024.03.22 20:00;2158.87;2166.13;2158.75;2165.52;6316
2024.03.25 00:00;2167.75;2176.9;2163.99;2175.14;10996
2024.03.25 04:00;2175.16;2178.29;2167.75;2169.79;10535
2024.03.25 08:00;2169.79;2170.48;2163.5;2168.39;13490
2024.03.25 12:00;2168.39;2181.26;2167.61;2177.12;16122
2024.03.25 16:00;2177.15;2180.52;2174.24;2174.72;14590
2024.03.25 20:00;2174.72;2174.72;2170.71;2171.19;4566
2024.03.26 00:00;2171.42;2174.41;2167.57;2169.38;6928
2024.03.26 04:00;2169.38;2173.34;2169.27;2172.87;6111
2024.03.26 08:00;2172.86;2195.05;2169.62;2190.89;11585
2024.03.26 12:00;2190.81;2200.03;2178.46;2182.95;17853
2024.03.26 16:00;2182.91;2186.39;2171.67;2176.77;16926
2024.03.26 20:00;2176.77;2178.57;2174.59;2177.77;4325
2024.03.27 00:00;2178.37;2180.3;2172.87;2175.14;6344
2024.03.27 04:00;2175.14;2181.59;2174.68;2177.03;6856
2024.03.27 08:00;2176.91;2193.84;2176.46;2189.17;11046
2024.03.27 12:00;2188.97;2197.55;2183.5;2193.31;18725
2024.03.27 16:00;2193.25;2195.24;2188.4;2190.38;16072
2024.03.27 20:00;2190.38;2195.2;2189.04;2194.74;5388
2024.03.28 00:00;2191.31;2193.73;2187.27;2189.33;7306
2024.03.28 04:00;2189.33;2200.58;2189.1;2197.23;8883
2024.03.28 08:00;2197.23;2198.94;2190.86;2197.82;11639
2024.03.28 12:00;2197.82;2217.09;2197.1;2206.55;23474
2024.03.28 16:00;2207.75;2225.46;2204.32;2221.92;21522
2024.03.28 20:00;2221.85;2236.18;2217.95;2232.62;6466
2024.04.01 00:00;2240.87;2256.28;2235.57;2250.05;9404
2024.04.01 04:00;2250.05;2265.61;2250.05;2260.34;13944
2024.04.01 08:00;2260.33;2263.32;2255.78;2257.25;11028
2024.04.01 12:00;2257.28;2258.32;2243.59;2252.5;15221
2024.04.01 16:00;2252.5;2257.9;2228.51;2238.07;25004
2024.04.01 20:00;2238.09;2250.59;2234.72;2249.68;9334
2024.04.02 00:00;2249.34;2255.79;2247.81;2250.35;6654
2024.04.02 04:00;2250.35;2259.83;2246.67;2256.67;12347
2024.04.02 08:00;2256.67;2262.77;2252.17;2261.07;13317
2024.04.02 12:00;2261.07;2266.77;2253.34;2257.6;16773
2024.04.02 16:00;2257.57;2277;2250.87;2260.28;26768
2024.04.02 20:00;2260.28;2281.01;2259.5;2280.02;12488
2024.04.03 00:00;2281.33;2288.24;2277.77;2283.22;8064
2024.04.03 04:00;2283.27;2287.94;2276.75;2283.65;12243
2024.04.03 08:00;2283.75;2285.96;2267.67;2273.2;15634
2024.04.03 12:00;2273.2;2275.15;2265.42;2274.92;18090
2024.04.03 16:00;2274.93;2295.19;2271.58;2293.96;29097
2024.04.03 20:00;2293.8;2300.01;2288.89;2300.01;11578
2024.04.04 00:00;2299.02;2302.49;2296.24;2302.18;7394
2024.04.04 04:00;2302.29;2304.71;2297.51;2298.83;8467
2024.04.04 08:00;2298.8;2300.67;2291.07;2291.58;11712
2024.04.04 12:00;2291.58;2295.16;2282.87;2288.15;14960
2024.04.04 16:00;2288.22;2299.31;2284.69;2286.87;22483
2024.04.04 20:00;2286.87;2305.56;2279.95;2290.37;19198
2024.04.05 00:00;2291.42;2293.26;2282.85;2283.07;5986
2024.04.05 04:00;2283.07;2284.08;2267.75;2278;13040
2024.04.05 08:00;2278;2291.78;2276.59;2288;14204
2024.04.05 12:00;2288;2296.1;2280.26;2290.87;15635
2024.04.05 16:00;2290.91;2329.48;2286.99;2327.14;29990
2024.04.05 20:00;2327.28;2330.44;2320.72;2328.09;12482
2024.04.08 00:00;2326.01;2326.49;2303.75;2306.15;10863
2024.04.08 04:00;2306.15;2353.84;2302.9;2342.16;20899
2024.04.08 08:00;2342.18;2343.58;2331.76;2336.25;17551
2024.04.08 12:00;2336.21;2343.47;2322.77;2328.97;19872
2024.04.08 16:00;2329.15;2335.71;2318.62;2328.52;27811
2024.04.08 20:00;2328.54;2342.01;2327.61;2338.46;11690
2024.04.09 00:00;2337.44;2341.66;2337.04;2340.79;4298
2024.04.09 04:00;2340.79;2348.42;2337.78;2344.16;14464
2024.04.09 08:00;2344.18;2359.28;2343.18;2357.59;19068
2024.04.09 12:00;2357.69;2365.28;2345.77;2349.33;23280
2024.04.09 16:00;2349.27;2364.2;2338.23;2344.97;30430
2024.04.09 20:00;2344.97;2354.5;2341.95;2352.89;12733
2024.04.10 00:00;2352.41;2355.52;2350.37;2351.54;4652
2024.04.10 04:00;2351.6;2356.81;2344.7;2356.21;13576
2024.04.10 08:00;2356.21;2360.03;2352.4;2354.5;14684
2024.04.10 12:00;2354.5;2354.75;2327.82;2338.37;18144
2024.04.10 16:00;2338.41;2352.27;2319.43;2337.21;33052
2024.04.10 20:00;2337.21;2345.19;2325.67;2331.79;16569
2024.04.11 00:00;2333.8;2337.17;2333.11;2335.18;4962
2024.04.11 04:00;2335.1;2346.79;2334.02;2342.87;12230
2024.04.11 08:00;2342.94;2344.58;2325.85;2328;19900
2024.04.11 12:00;2327.98;2344.36;2327.91;2341.41;21068
2024.04.11 16:00;2341.3;2350.76;2332.36;2349.77;27492
2024.04.11 20:00;2349.82;2377.64;2348.13;2374.59;16548
2024.04.12 00:00;2373.85;2379.37;2371.78;2378.62;7224
2024.04.12 04:00;2378.72;2395.35;2378.68;2384.11;20513
2024.04.12 08:00;2384.11;2400.54;2383.29;2396.65;18777
2024.04.12 12:00;2396.67;2400.36;2390.47;2395.83;19616
2024.04.12 16:00;2395.92;2431.44;2360.73;2369.27;40385
2024.04.12 20:00;2369.37;2372.95;2333.86;2344.58;20959
2024.04.15 00:00;2359.72;2372.37;2346.38;2353.12;12777
2024.04.15 04:00;2353.13;2364.6;2348.3;2356.61;14876
2024.04.15 08:00;2356.61;2362.48;2344.58;2351.52;20183
2024.04.15 12:00;2351.52;2361.23;2346.27;2357.23;17634
2024.04.15 16:00;2357.35;2361.07;2323.98;2357.12;29651
2024.04.15 20:00;2356.97;2387.51;2354.11;2381.16;18729
2024.04.16 00:00;2382.29;2392.08;2380.18;2383.4;8309
2024.04.16 04:00;2383.46;2389.31;2379.23;2386.06;16237
2024.04.16 08:00;2386.1;2389.01;2362.99;2369.38;18509
2024.04.16 12:00;2369.39;2378.21;2367.46;2376.19;18475
2024.04.16 16:00;2376.31;2398.18;2363.55;2397.48;33235
2024.04.16 20:00;2397.48;2397.62;2378.66;2378.66;19401
2024.04.17 00:00;2383.4;2386.89;2380.79;2384.42;7307
2024.04.17 04:00;2384.44;2386.11;2380.31;2381.9;11081
2024.04.17 08:00;2381.91;2393.56;2372.64;2392.98;18399
2024.04.17 12:00;2392.98;2394.29;2378.37;2383.32;18243
2024.04.17 16:00;2383.24;2395.53;2361.06;2372.34;30794
2024.04.17 20:00;2372.3;2379.06;2354.54;2361.34;17851
2024.04.18 00:00;2364.36;2370.08;2362.98;2369.71;6260
2024.04.18 04:00;2369.71;2376.51;2364.05;2375.11;15407
2024.04.18 08:00;2375.2;2380.93;2373.84;2379.95;16281
2024.04.18 12:00;2379.95;2387.5;2377.25;2385.47;18250
2024.04.18 16:00;2385.46;2392.76;2369.58;2387.93;44153
2024.04.18 20:00;2387.93;2389.32;2376.91;2376.97;17314
2024.04.19 00:00;2379.3;2381.42;2373.7;2379.44;6669
2024.04.19 04:00;2379.42;2417.83;2378.77;2383.43;59037
2024.04.19 08:00;2383.52;2393.82;2378.07;2384.27;33394
2024.04.19 12:00;2384.28;2386.07;2372.91;2381.46;15616
2024.04.19 16:00;2381.42;2399.68;2373.07;2399.66;19740
2024.04.19 20:00;2399.58;2401.96;2386.62;2390.36;11646
2024.04.22 00:00;2384;2388.38;2381.09;2382.13;7179
2024.04.22 04:00;2382.09;2384.24;2361.78;2369.63;14288
2024.04.22 08:00;2369.72;2370.44;2351.53;2359.6;15876
2024.04.22 12:00;2359.55;2363.63;2333.19;2336.79;15102
2024.04.22 16:00;2336.81;2343.77;2328.98;2329.82;19490
2024.04.22 20:00;2329.82;2334.77;2324.47;2325.64;8657
2024.04.23 00:00;2329.92;2333.84;2326.84;2332.61;5545
2024.04.23 04:00;2332.54;2334.34;2295.46;2305.47;15519
2024.04.23 08:00;2305.47;2314.58;2298.89;2303.11;15485
2024.04.23 12:00;2303.23;2313.5;2291.39;2311.75;14736
2024.04.23 16:00;2311.75;2332.05;2309.57;2330.3;18763
2024.04.23 20:00;2330.29;2331.31;2321.25;2321.51;8847
2024.04.24 00:00;2321.91;2324.23;2320.69;2320.87;3501
2024.04.24 04:00;2320.87;2330.08;2315.64;2326.59;12274
2024.04.24 08:00;2326.65;2331.3;2316.1;2319.14;12843
2024.04.24 12:00;2319.14;2323.46;2311.78;2323.15;12827
2024.04.24 16:00;2323.25;2337.19;2316.25;2325.07;19681
2024.04.24 20:00;2325.07;2330.49;2313.67;2315.04;10157
2024.04.25 00:00;2317.29;2319.37;2315.38;2319.14;3693
2024.04.25 04:00;2319.1;2322.05;2305.05;2315.27;10237
2024.04.25 08:00;2315.27;2328.87;2314.47;2326.9;11813
2024.04.25 12:00;2326.89;2334.72;2323.12;2330.75;12186
2024.04.25 16:00;2330.85;2344.8;2312.77;2328.72;21053
2024.04.25 20:00;2328.77;2336.4;2326.25;2331.24;9553
2024.04.26 00:00;2331.84;2333.28;2328.7;2329.87;3247
2024.04.26 04:00;2329.84;2338.05;2326.17;2335.82;9775
2024.04.26 08:00;2335.77;2350.08;2333.88;2347;13157
2024.04.26 12:00;2347;2352.5;2340.63;2344.75;12019
2024.04.26 16:00;2344.91;2350.35;2328.72;2333.6;18869
2024.04.26 20:00;2333.57;2341.36;2332.72;2337.37;7896
2024.04.29 00:00;2333.5;2336.78;2330.67;2331.97;4815
2024.04.29 04:00;2332.03;2333.2;2320.04;2332.55;12223
2024.04.29 08:00;2332.57;2341.26;2327.49;2338.07;14978
2024.04.29 12:00;2337.99;2344.3;2328.39;2331.95;11121
2024.04.29 16:00;2331.85;2346.63;2325.67;2342.78;16970
2024.04.29 20:00;2343;2346.62;2332.97;2336.35;9950
2024.04.30 00:00;2335.67;2336.23;2331.67;2333.95;4233
2024.04.30 04:00;2333.91;2336.1;2324.92;2326.39;9670
2024.04.30 08:00;2326.39;2326.83;2310.71;2312.82;12966
2024.04.30 12:00;2312.76;2317.96;2304.55;2306.04;13029
2024.04.30 16:00;2306.03;2313.24;2293.16;2294.71;20351
2024.04.30 20:00;2294.75;2297.45;2285.04;2285.57;11486
2024.05.01 00:00;2287.72;2293.17;2285.76;2286.87;4996
2024.05.01 04:00;2286.79;2289.44;2281.63;2283.2;7014
2024.05.01 08:00;2283.14;2289.67;2282.55;2286.23;8765
2024.05.01 12:00;2286.33;2299.97;2285.73;2298.25;12109
2024.05.01 16:00;2298.25;2310.44;2295.21;2303.73;17991
2024.05.01 20:00;2303.78;2328.2;2295.57;2318.09;18788
2024.05.02 00:00;2319.33;2325.91;2318.93;2324.43;5493
2024.05.02 04:00;2324.32;2326.43;2317.26;2318.2;8328
2024.05.02 08:00;2318.21;2319.05;2302.96;2304.04;12087
2024.05.02 12:00;2304.04;2305.31;2293.53;2294.5;13332
2024.05.02 16:00;2294.61;2306.92;2285.5;2299.61;19449
2024.05.02 20:00;2299.61;2309.43;2299.34;2302.94;9827
2024.05.03 00:00;2304.97;2305.55;2300.21;2303.97;4492
2024.05.03 04:00;2303.97;2308.02;2299.88;2307.41;7989
2024.05.03 08:00;2307.43;2308.75;2297.77;2301.37;12185
2024.05.03 12:00;2301.26;2320.59;2294.66;2304.68;13996
2024.05.03 16:00;2304.7;2308.9;2277.38;2299.22;20214
2024.05.03 20:00;2299.2;2303.27;2296;2300.95;8196
2024.05.06 00:00;2302.1;2303.13;2291.79;2295.97;6131
2024.05.06 04:00;2296.01;2315.31;2296.01;2309.13;12691
2024.05.06 08:00;2309.1;2324.15;2308.69;2318.22;13175
2024.05.06 12:00;2318.25;2330.26;2314.54;2323.29;13403
2024.05.06 16:00;2323.3;2331.99;2318.11;2325.48;17979
2024.05.06 20:00;2325.59;2328.73;2320.98;2324.31;7976
2024.05.07 00:00;2325.07;2329.45;2322.13;2329.25;5020
2024.05.07 04:00;2329.05;2329.88;2319.63;2322.61;10835
2024.05.07 08:00;2322.61;2323.23;2311.72;2315.72;12521
2024.05.07 12:00;2315.66;2317.32;2310.01;2316;12265
2024.05.07 16:00;2315.97;2323.63;2312.37;2312.44;16753
2024.05.07 20:00;2312.44;2317.41;2311.06;2313.76;7608
2024.05.08 00:00;2314.99;2316.63;2313.79;2314.16;3531
2024.05.08 04:00;2314.16;2319.3;2306.97;2319.25;10642
2024.05.08 08:00;2319.25;2321.32;2303.72;2307.29;13596
2024.05.08 12:00;2307.27;2318.9;2306.98;2314.53;14262
2024.05.08 16:00;2314.41;2321.01;2306.89;2317.03;16980
2024.05.08 20:00;2317.03;2317.5;2307.94;2308.63;7894
2024.05.09 00:00;2309.55;2310.8;2307.85;2309.32;3417
2024.05.09 04:00;2309.32;2315.19;2307.87;2314.49;8955
2024.05.09 08:00;2314.49;2319.69;2307.5;2310.42;13546
2024.05.09 12:00;2310.34;2329.33;2306.73;2326.71;13551
2024.05.09 16:00;2326.67;2338.71;2312.29;2329.68;18776
2024.05.09 20:00;2329.69;2347.17;2329.42;2345.1;8884
2024.05.10 00:00;2345.71;2348.99;2344.53;2347.57;3945
2024.05.10 04:00;2347.64;2355.79;2347.17;2353.92;12297
2024.05.10 08:00;2353.93;2372.06;2353.71;2369.58;14222
2024.05.10 12:00;2369.58;2378.32;2361.8;2364.79;14892
2024.05.10 16:00;2364.77;2372.92;2356.62;2368.23;19261
2024.05.10 20:00;2368.27;2370.91;2359.62;2360.77;7946
2024.05.13 00:00;2361.39;2364.42;2359.74;2363.99;4788
2024.05.13 04:00;2364.03;2364.1;2354.29;2354.29;10745
2024.05.13 08:00;2354.29;2355.04;2341.63;2343.27;12779
2024.05.13 12:00;2343.29;2349.78;2338.47;2347.13;13720
2024.05.13 16:00;2347.06;2349.32;2332.11;2336.73;17342
2024.05.13 20:00;2336.73;2338.44;2334.54;2336.45;6684
2024.05.14 00:00;2337.22;2339.66;2334.84;2336.36;3107
2024.05.14 04:00;2336.37;2344.8;2336.37;2344.06;9471
2024.05.14 08:00;2344.06;2345.9;2336.07;2343.71;12285
2024.05.14 12:00;2343.69;2350.24;2336.62;2348.19;14205
2024.05.14 16:00;2348.28;2357.03;2344.94;2354.2;19748
2024.05.14 20:00;2354.18;2359.61;2352;2357.82;7331
2024.05.15 00:00;2356.99;2357.56;2354.84;2355.83;3410
2024.05.15 04:00;2355.83;2360.96;2354.87;2357.01;9760
2024.05.15 08:00;2357.01;2374.27;2355.73;2373.09;12888
2024.05.15 12:00;2373.25;2378.41;2358.25;2372.56;14452
2024.05.15 16:00;2372.38;2386.62;2351.84;2383.53;20745
2024.05.15 20:00;2383.62;2390.23;2383.48;2387.21;8216
2024.05.16 00:00;2387.61;2395.15;2386.94;2394.86;5533
2024.05.16 04:00;2394.93;2397.25;2386.65;2391.36;14160
2024.05.16 08:00;2391.36;2394.52;2384.54;2386.13;15631
2024.05.16 12:00;2386.13;2387.8;2377.91;2379.26;16272
2024.05.16 16:00;2379.08;2383.81;2371.02;2381.97;19731
2024.05.16 20:00;2382.05;2382.49;2375.8;2376.11;9020
2024.05.17 00:00;2377.85;2379.73;2377.57;2378.04;4374
2024.05.17 04:00;2378.14;2381.26;2374.05;2378.93;11491
2024.05.17 08:00;2378.91;2387.84;2378.62;2384.26;14735
2024.05.17 12:00;2384.25;2394.06;2381.68;2393.33;14557
2024.05.17 16:00;2393.43;2418.97;2393.43;2407.88;21592
2024.05.17 20:00;2407.89;2422.74;2405.81;2414.26;12986
2024.05.20 00:00;2423.02;2426.6;2416.6;2425.46;8232
2024.05.20 04:00;2425.45;2440.51;2425.45;2437.38;17444
2024.05.20 08:00;2437.36;2450.07;2432.1;2440.09;19134
2024.05.20 12:00;2440.17;2447.18;2407.4;2413.9;19940
2024.05.20 16:00;2413.45;2428.12;2410.43;2426.53;21786
2024.05.20 20:00;2426.55;2437.35;2423.37;2425.06;13957
2024.05.21 00:00;2427;2430.63;2424.35;2428.97;5616
2024.05.21 04:00;2428.95;2433.06;2406.43;2412.46;17825
2024.05.21 08:00;2412.47;2422.11;2408.7;2418.8;17587
2024.05.21 12:00;2418.72;2429.97;2412.31;2426.25;16991
2024.05.21 16:00;2426.26;2433.96;2418.17;2422.93;22402
2024.05.21 20:00;2423.17;2425.08;2417.61;2420.71;11127
2024.05.22 00:00;2421.23;2423.21;2420.39;2420.53;4158
2024.05.22 04:00;2420.59;2426.59;2412.18;2412.94;15351
2024.05.22 08:00;2412.88;2418.58;2410.66;2416.92;17112
2024.05.22 12:00;2417.08;2419.34;2404.84;2412.49;17606
2024.05.22 16:00;2412.41;2413.31;2382.31;2392.03;22506
2024.05.22 20:00;2392.03;2394.42;2375.06;2378.07;15778
2024.05.23 00:00;2379.4;2383.66;2378.4;2380.34;5433
2024.05.23 04:00;2380.36;2381.92;2366.84;2372.83;14791
2024.05.23 08:00;2372.82;2373.16;2355.04;2360.54;17951
2024.05.23 12:00;2360.42;2369.41;2358.87;2362.72;16366
2024.05.23 16:00;2362.86;2369.85;2340.18;2340.99;22931
2024.05.23 20:00;2340.99;2342.97;2326.68;2328.56;14417
2024.05.24 00:00;2328.71;2333.63;2327.35;2329.15;5265
2024.05.24 04:00;2329.09;2335.19;2325.46;2335.13;14220
2024.05.24 08:00;2335.04;2341.05;2333.26;2340.24;14817
2024.05.24 12:00;2340.25;2343.96;2335.94;2339.33;14404
2024.05.24 16:00;2339.28;2347.37;2332.45;2334.31;19231
2024.05.24 20:00;2334.3;2336.77;2331.95;2333.18;9562
2024.05.27 00:00;2335.59;2340.75;2331.68;2336.25;5257
2024.05.27 04:00;2336.16;2347.62;2334.64;2343;12170
2024.05.27 08:00;2342.96;2346.17;2338.19;2344.23;12635
2024.05.27 12:00;2344.23;2349.67;2342.48;2347.23;11266
2024.05.27 16:00;2347.25;2358.52;2344.67;2355;16751
2024.05.27 20:00;2355;2355.13;2350.03;2350.08;1969
2024.05.28 00:00;2352.38;2353.83;2351.08;2351.77;4163
2024.05.28 04:00;2351.78;2356.4;2349.23;2351.02;11925
2024.05.28 08:00;2351.02;2353.81;2340.32;2344.94;15233
2024.05.28 12:00;2344.89;2357.22;2342.35;2353.31;13333
2024.05.28 16:00;2353.29;2364.14;2347.99;2356.74;21314
2024.05.28 20:00;2356.73;2360.92;2352.85;2360.6;12031
2024.05.29 00:00;2360.08;2361.37;2357.4;2357.9;5036
2024.05.29 04:00;2357.89;2360.89;2354.5;2358.29;13476
2024.05.29 08:00;2358.36;2361.37;2344.95;2345.53;18127
2024.05.29 12:00;2345.54;2347.28;2334.61;2337.79;17675
2024.05.29 16:00;2337.64;2347.24;2336;2341.96;20158
2024.05.29 20:00;2341.89;2344.35;2336.05;2338.04;10522
2024.05.30 00:00;2338.57;2339.21;2334.11;2336.96;5852
2024.05.30 04:00;2337.04;2339.91;2328.08;2335.32;16379
2024.05.30 08:00;2335.26;2337.75;2322.74;2335.11;18091
2024.05.30 12:00;2335.08;2345.16;2330.69;2341.4;17924
2024.05.30 16:00;2341.28;2351.77;2339.83;2347.89;20536
2024.05.30 20:00;2347.89;2348.86;2339.98;2342.61;10744
2024.05.31 00:00;2343.47;2347.55;2342.07;2346.36;5930
2024.05.31 04:00;2346.37;2347.79;2337.06;2344.17;14871
2024.05.31 08:00;2344.16;2347.06;2339.72;2343.27;14800
2024.05.31 12:00;2343.26;2356.8;2341.03;2354.85;14651
2024.05.31 16:00;2354.85;2359.8;2327.78;2332.91;22731
2024.05.31 20:00;2332.91;2333.81;2320.6;2326.44;13125
2024.06.03 00:00;2328.11;2328.75;2323.34;2327.17;5879
2024.06.03 04:00;2327.16;2331.06;2320.06;2321.41;14093
2024.06.03 08:00;2321.41;2328.88;2314.77;2325.52;17565
2024.06.03 12:00;2325.53;2334.4;2324.37;2334.07;16201
2024.06.03 16:00;2334.03;2349.94;2329.89;2349.27;21009
2024.06.03 20:00;2349.2;2354.76;2344.75;2350.9;11729
2024.06.04 00:00;2351.39;2352.83;2349.81;2350.65;4401
2024.06.04 04:00;2350.64;2352.41;2343.34;2349.37;12824
2024.06.04 08:00;2349.37;2351.74;2332.36;2333.32;16867
2024.06.04 12:00;2333.4;2335.97;2325.42;2335.14;18872
2024.06.04 16:00;2335.14;2337.96;2315.62;2324.01;21800
2024.06.04 20:00;2323.97;2330.32;2323.8;2326.81;11041
2024.06.05 00:00;2328.19;2329.6;2327.57;2328.26;3899
2024.06.05 04:00;2328.23;2338.26;2325.92;2338.05;12307
2024.06.05 08:00;2338.06;2341.7;2328.14;2332.67;16382
2024.06.05 12:00;2332.79;2343.94;2329.57;2342.2;16006
2024.06.05 16:00;2342.04;2357.41;2334.24;2352.67;21604
2024.06.05 20:00;2352.67;2356.67;2351.75;2354.82;10033
2024.06.06 00:00;2355.66;2357.59;2354.62;2355.76;4200
2024.06.06 04:00;2355.73;2374.98;2355.62;2369.49;14909
2024.06.06 08:00;2369.48;2371.46;2359.81;2362.98;14159
2024.06.06 12:00;2362.97;2365.06;2355.32;2357.59;13900
2024.06.06 16:00;2357.61;2378.5;2353.44;2372.9;20939
2024.06.06 20:00;2372.91;2376.18;2369.03;2375.96;10605
2024.06.07 00:00;2376.33;2379.28;2375.67;2378.45;4416
2024.06.07 04:00;2378.49;2387.49;2369.47;2386.55;15000
2024.06.07 08:00;2386.59;2387.69;2343.01;2347.37;18712
2024.06.07 12:00;2347.36;2347.99;2313.31;2319.31;19859
2024.06.07 16:00;2319.53;2328.08;2303.1;2311.67;21435
2024.06.07 20:00;2311.71;2312.31;2286.71;2292.78;14033
2024.06.10 00:00;2289.88;2300.01;2289.81;2297.06;6310
2024.06.10 04:00;2297.06;2301.25;2292.79;2294.82;10670
2024.06.10 08:00;2294.84;2297.51;2287.78;2292.65;15504
2024.06.10 12:00;2292.52;2308.56;2291.86;2306.17;15703
2024.06.10 16:00;2306.19;2313.84;2300.44;2312.95;17891
2024.06.10 20:00;2312.95;2313.38;2308.53;2310.47;8824
2024.06.11 00:00;2310.47;2312.13;2308.77;2310.86;4493
2024.06.11 04:00;2310.74;2310.74;2298.83;2303.64;16219
2024.06.11 08:00;2303.6;2307.77;2297.75;2306.08;16506
2024.06.11 12:00;2306.09;2319.94;2301.57;2318.01;17634
2024.06.11 16:00;2317.59;2319.61;2305.95;2308.56;19782
2024.06.11 20:00;2308.59;2316.57;2307.92;2316.37;10175
2024.06.12 00:00;2316.6;2317.6;2313.48;2313.79;4339
2024.06.12 04:00;2313.77;2316.79;2310.75;2312.76;12228
2024.06.12 08:00;2312.76;2317.75;2310.84;2312.85;13216
2024.06.12 12:00;2312.79;2337.63;2311.65;2336.02;14675
2024.06.12 16:00;2335.99;2341.66;2320.1;2337.72;20324
2024.06.12 20:00;2337.74;2339.61;2315.88;2324.23;16125
2024.06.13 00:00;2324.25;2324.34;2317.65;2320.81;5079
2024.06.13 04:00;2320.85;2321.58;2308.19;2311.85;14411
2024.06.13 08:00;2311.88;2318.6;2308.99;2315.61;14752
2024.06.13 12:00;2315.61;2326.67;2304.05;2323.47;16394
2024.06.13 16:00;2323.33;2324.78;2295.67;2299.34;20757
2024.06.13 20:00;2299.36;2304.97;2299.17;2303.98;9690
2024.06.14 00:00;2303.72;2305.71;2301.62;2304.98;4033
2024.06.14 04:00;2304.87;2308.63;2303.13;2305.97;12767
2024.06.14 08:00;2305.94;2321.68;2305.6;2317.41;16083
2024.06.14 12:00;2317.44;2336.59;2315.23;2330.44;18599
2024.06.14 16:00;2330.37;2335.51;2324.1;2328.89;19705
2024.06.14 20:00;2328.87;2335.6;2328.55;2332.43;9642
2024.06.17 00:00;2330.96;2331.41;2325.29;2326.47;5379
2024.06.17 04:00;2326.51;2328.96;2321.58;2323.7;13305
2024.06.17 08:00;2323.68;2323.7;2315.52;2321.35;15778
2024.06.17 12:00;2321.36;2322.6;2316.89;2319.67;15330
2024.06.17 16:00;2319.66;2327.59;2310.03;2316.97;18396
2024.06.17 20:00;2316.97;2320.77;2313.31;2318.71;9006
2024.06.18 00:00;2320.15;2325.63;2319.2;2324.18;4351
2024.06.18 04:00;2324.25;2325.69;2319.3;2322.64;12922
2024.06.18 08:00;2322.63;2323.8;2310.8;2311.25;15141
2024.06.18 12:00;2311.25;2324.24;2306.64;2313.96;14371
2024.06.18 16:00;2313.94;2330.77;2313.77;2330.29;19932
2024.06.18 20:00;2330.37;2333.11;2327.53;2329.26;9298
2024.06.19 00:00;2328.93;2330.01;2327.46;2329.54;3676
2024.06.19 04:00;2329.53;2331.78;2326.58;2328.02;10550
2024.06.19 08:00;2328.03;2335.06;2326.85;2332.61;12177
2024.06.19 12:00;2332.62;2332.94;2325.29;2328.36;11696
2024.06.19 16:00;2328.41;2331.47;2323.92;2329.44;11993
2024.06.19 20:00;2329.4;2330.99;2327.98;2327.98;1983
2024.06.20 00:00;2328.83;2330.55;2327.81;2329.76;3314
2024.06.20 04:00;2329.83;2340.94;2329.83;2340.5;13426
2024.06.20 08:00;2340.48;2345.67;2332.7;2333.34;15592
2024.06.20 12:00;2333.33;2343.58;2331.66;2338.57;13905
2024.06.20 16:00;2339.02;2365.46;2336.71;2356.39;19487
2024.06.20 20:00;2356.4;2361.06;2354.64;2359.2;9159
2024.06.21 00:00;2359.5;2364.86;2358.18;2364.12;5444
2024.06.21 04:00;2364.12;2364.16;2357.13;2362.98;11523
2024.06.21 08:00;2362.95;2368.13;2355.14;2365.32;15684
2024.06.21 12:00;2365.31;2368.73;2360.47;2360.7;15233
2024.06.21 16:00;2360.42;2363.79;2323.31;2324.74;21056
2024.06.21 20:00;2324.75;2325.12;2316.7;2321.07;11073
2024.06.24 00:00;2320.99;2322.17;2317.73;2320.97;5587
2024.06.24 04:00;2320.97;2326.68;2319.05;2324.48;13971
2024.06.24 08:00;2324.48;2332.8;2321.46;2330.59;15768
2024.06.24 12:00;2330.59;2330.98;2320.83;2327.64;17609
2024.06.24 16:00;2327.62;2333.8;2325.92;2331.68;18546
2024.06.24 20:00;2331.68;2334.68;2330.63;2333.68;9216
2024.06.25 00:00;2333.66;2334.16;2328.26;2330.07;3711
2024.06.25 04:00;2330.07;2330.93;2322.78;2327.47;12336
2024.06.25 08:00;2327.48;2330.51;2322.94;2329.68;14024
2024.06.25 12:00;2329.47;2337.13;2324.07;2324.17;13890
2024.06.25 16:00;2324.13;2328.19;2315.54;2317.84;18604
2024.06.25 20:00;2317.79;2320.63;2316.84;2319.26;8732
2024.06.26 00:00;2319.78;2323.72;2317.81;2318.43;5335
2024.06.26 04:00;2318.37;2321.72;2310.65;2316.82;13446
2024.06.26 08:00;2316.82;2318.2;2309.74;2315.7;15405
2024.06.26 12:00;2315.74;2318.41;2304.46;2310.13;16857
2024.06.26 16:00;2310.06;2311.6;2293.67;2299.71;19890
2024.06.26 20:00;2299.74;2302.99;2296.97;2297.78;10312
2024.06.27 00:00;2298.36;2300.19;2296.75;2299.04;4517
2024.06.27 04:00;2299.04;2301.14;2296.83;2300.51;11038
2024.06.27 08:00;2300.51;2308.41;2296.54;2307.63;14002
2024.06.27 12:00;2307.6;2325.59;2307.37;2322.85;14851
2024.06.27 16:00;2322.77;2330.91;2319.54;2325.5;19493
2024.06.27 20:00;2325.47;2328.49;2322.49;2327.83;9365
2024.06.28 00:00;2327;2328.3;2321.51;2321.65;3704
2024.06.28 04:00;2321.6;2324.99;2319.06;2321.25;12693
2024.06.28 08:00;2321.25;2331.91;2320.99;2328.78;13317
2024.06.28 12:00;2328.77;2339.29;2327.33;2335.48;15178
2024.06.28 16:00;2335.83;2339.75;2322.88;2330.02;18845
2024.06.28 20:00;2330.03;2332.72;2322.87;2326.29;10004
2024.07.01 00:00;2323.21;2326.18;2322.17;2324.82;5182
2024.07.01 04:00;2324.84;2328.47;2321.44;2323.67;10991
2024.07.01 08:00;2323.62;2329;2318.5;2325.85;15031
2024.07.01 12:00;2325.85;2338.53;2325.48;2327.41;15292
2024.07.01 16:00;2327.57;2334.23;2319.31;2328.17;19786
2024.07.01 20:00;2328.17;2332.44;2326.77;2331.72;8942
2024.07.02 00:00;2331.46;2333.95;2331.12;2333.08;3339
2024.07.02 04:00;2333.04;2334.32;2324.89;2327.3;9479
2024.07.02 08:00;2327.29;2332.45;2323.36;2331.19;13895
2024.07.02 12:00;2331.21;2331.66;2330.03;2331.32;576
2024.07.03 00:00;2329.8;2332.18;2328.99;2330.28;3044
2024.07.03 04:00;2330.29;2335.3;2326.82;2334.48;9251
2024.07.03 08:00;2334.49;2347.58;2332;2344.66;15178
2024.07.03 12:00;2344.67;2356.12;2342.15;2350.44;15797
2024.07.03 16:00;2350.46;2364.92;2347.65;2356.59;20460
2024.07.03 20:00;2356.63;2360.83;2353.67;2355.92;6339
2024.07.04 00:00;2355.7;2359.64;2355.26;2358.62;3236
2024.07.04 04:00;2358.61;2362.52;2357.16;2358.57;9781
2024.07.04 08:00;2358.53;2359.64;2350.64;2358.85;11204
2024.07.04 12:00;2358.89;2360.43;2355.69;2357.79;8338
2024.07.04 16:00;2357.79;2361.87;2355.44;2357.85;11218
2024.07.04 20:00;2357.85;2357.93;2356.1;2356.1;1020
2024.07.05 00:00;2356.84;2359.02;2354.2;2358.87;4143
2024.07.05 04:00;2358.88;2364.71;2356.93;2364;11876
2024.07.05 08:00;2364.04;2368.02;2362.28;2366.42;13694
2024.07.05 12:00;2366.43;2376;2352.3;2372.15;15226
2024.07.05 16:00;2372.41;2388.34;2370.72;2386.44;21267
2024.07.05 20:00;2386.53;2392.91;2384.6;2390.97;11930
2024.07.08 00:00;2389.67;2390.19;2384.58;2386.7;5214
2024.07.08 04:00;2386.6;2391.13;2380.79;2384.97;12373
2024.07.08 08:00;2385.04;2386.81;2371.96;2372.81;15135
2024.07.08 12:00;2372.91;2377.54;2368.33;2372.78;14182
2024.07.08 16:00;2372.72;2379.56;2351.14;2358.68;19358
2024.07.08 20:00;2358.67;2359.84;2354.89;2358.47;8607
2024.07.09 00:00;2358.82;2363.66;2358.77;2361.88;4280
2024.07.09 04:00;2362.02;2368.77;2360.5;2367.37;12551
2024.07.09 08:00;2367.3;2368.37;2358.26;2361.67;13187
2024.07.09 12:00;2361.67;2365.57;2356.14;2360.21;13977
2024.07.09 16:00;2360.2;2371.33;2349.29;2357.5;20941
2024.07.09 20:00;2357.5;2365.56;2357.5;2363.74;9362
2024.07.10 00:00;2362.5;2366.5;2362.19;2364.74;3676
2024.07.10 04:00;2364.73;2370.16;2363.33;2367.78;12539
2024.07.10 08:00;2367.78;2374.96;2367.18;2372.85;13030
2024.07.10 12:00;2372.85;2381.82;2371.7;2377.76;11882
2024.07.10 16:00;2377.77;2386.61;2374;2377.86;17651
2024.07.10 20:00;2377.86;2378.55;2369.85;2371.5;9335
2024.07.11 00:00;2370.75;2374.43;2370.44;2374.24;3500
2024.07.11 04:00;2374.21;2382.5;2373.1;2381.94;11037
2024.07.11 08:00;2382.01;2384.1;2378.49;2381.51;13367
2024.07.11 12:00;2381.4;2409.66;2379.05;2406.38;14703
2024.07.11 16:00;2407.07;2424.54;2395.81;2411.66;22321
2024.07.11 20:00;2411.65;2418.67;2410.03;2414.3;10972
2024.07.12 00:00;2413.01;2416.23;2411.03;2412;7415
2024.07.12 04:00;2412.01;2414.24;2406.68;2408.57;12654
2024.07.12 08:00;2408.66;2410.1;2400.35;2407.54;16369
2024.07.12 12:00;2407.41;2408.32;2391.44;2397.93;16146
2024.07.12 16:00;2397.94;2416.92;2396.83;2415.94;19888
2024.07.12 20:00;2415.94;2418.17;2411.06;2411.41;8933
2024.07.15 00:00;2410.9;2411.77;2405.69;2408.47;6212
2024.07.15 04:00;2408.72;2413.38;2404.98;2411.47;12356
2024.07.15 08:00;2411.46;2413.95;2401.32;2412.04;16390
2024.07.15 12:00;2411.99;2420.86;2407.73;2414.86;16757
2024.07.15 16:00;2414.79;2439.67;2411.53;2430.36;20922
2024.07.15 20:00;2430.15;2430.15;2419.68;2421.71;11444
2024.07.16 00:00;2421.9;2422.88;2420.01;2421.21;4796
2024.07.16 04:00;2421.21;2431.51;2421.21;2429.37;13572
2024.07.16 08:00;2429.35;2439.41;2428.18;2436.55;16842
2024.07.16 12:00;2436.56;2444.02;2429.41;2432.68;17381
2024.07.16 16:00;2432.53;2465.25;2430.99;2459.17;21532
2024.07.16 20:00;2459.15;2469.65;2458.75;2468.82;11238
2024.07.17 00:00;2467.62;2473.28;2466.21;2468.76;6523
2024.07.17 04:00;2468.75;2482.36;2464.02;2467.83;17409
2024.07.17 08:00;2467.83;2478.89;2461.91;2474.97;19755
2024.07.17 12:00;2475.01;2476.38;2466.71;2473.44;19683
2024.07.17 16:00;2473.38;2483.74;2452.9;2455.65;23314
2024.07.17 20:00;2455.66;2460.42;2451.51;2459.24;12392
2024.07.18 00:00;2457.56;2461.8;2457.14;2458.83;6694
2024.07.18 04:00;2458.83;2468.9;2457.62;2465.29;14460
2024.07.18 08:00;2465.29;2474.92;2464.64;2465.99;16861
2024.07.18 12:00;2465.99;2468.81;2461.6;2464.01;16102
2024.07.18 16:00;2464.01;2469.86;2455.86;2456.22;20621
2024.07.18 20:00;2456.18;2457.52;2440.3;2445.34;11817
2024.07.19 00:00;2444.57;2445.16;2426.16;2434.33;6501
2024.07.19 04:00;2434.35;2434.6;2420.41;2425.5;16118
2024.07.19 08:00;2425.51;2426.15;2412.92;2420.45;17548
2024.07.19 12:00;2420.45;2421.11;2401.58;2403.7;17604
2024.07.19 16:00;2403.72;2408.43;2393.77;2399.64;20413
2024.07.19 20:00;2399.66;2400.79;2395.7;2398.2;9806
2024.08.01 00:00;2448.53;2449.44;2444.21;2447.44;12382
2024.08.01 04:00;2447.34;2458.26;2437.22;2444.12;37320
2024.08.01 08:00;2444.14;2448.75;2433.12;2433.73;41141
2024.08.01 12:00;2433.74;2454.72;2430.12;2450.64;38646
2024.08.01 16:00;2450.64;2462.17;2442.03;2444.36;62069
2024.08.01 20:00;2444.39;2447.54;2434.76;2446.3;36160
2024.08.02 00:00;2446.24;2452.19;2443.78;2448.95;16454
2024.08.02 04:00;2448.94;2460.22;2434.95;2457.77;37414
2024.08.02 08:00;2457.78;2468.35;2457.57;2461.91;41129
2024.08.02 12:00;2461.92;2477.61;2455.32;2472.82;39502
2024.08.02 16:00;2472.77;2474.27;2410.72;2430.36;73286
2024.08.02 20:00;2430.35;2442.34;2422.89;2441.38;31048
2024.08.05 00:00;2444.61;2447.35;2413.82;2422.07;27631
2024.08.05 04:00;2422.04;2458.65;2420.07;2452.61;47155
2024.08.05 08:00;2452.55;2452.56;2422.11;2424.92;57702
2024.08.05 12:00;2425.01;2428.65;2364.06;2374.41;61115
2024.08.05 16:00;2374.46;2412.13;2374.46;2402.94;70650
2024.08.05 20:00;2402.92;2412.91;2400.14;2409.96;38853
2024.08.06 00:00;2410.23;2418.23;2404.32;2415.83;20659
2024.08.06 04:00;2415.82;2417.66;2405.83;2407.95;39959
2024.08.06 08:00;2407.95;2415.34;2394.75;2410.97;50384
2024.08.06 12:00;2411.01;2416.21;2391.7;2392.86;43334
2024.08.06 16:00;2392.91;2403.03;2381.48;2389.91;61886
2024.08.06 20:00;2389.9;2395.87;2386.37;2389.85;32527
2024.08.07 00:00;2391.58;2391.99;2381.01;2386.38;14816
2024.08.07 04:00;2386.45;2394.68;2378.94;2392.7;42437
2024.08.07 08:00;2392.68;2397.5;2387.94;2393.24;38582
2024.08.07 12:00;2393.24;2406.9;2392.34;2403.74;32874
2024.08.07 16:00;2403.75;2404.71;2391.91;2399.64;49330
2024.08.07 20:00;2399.59;2399.6;2381.72;2383.06;33314
2024.08.08 00:00;2381.01;2388.72;2380.95;2385.47;17345
2024.08.08 04:00;2385.47;2396.31;2384.94;2394.25;38939
2024.08.08 08:00;2394.28;2400.62;2392.34;2394.48;38081
2024.08.08 12:00;2394.47;2415.38;2393.73;2407.97;40409
2024.08.08 16:00;2407.98;2424.23;2402.24;2418;53164
2024.08.08 20:00;2418;2427.53;2415.71;2427.18;26336
2024.08.09 00:00;2427.07;2428.02;2422.49;2423.87;12259
2024.08.09 04:00;2423.87;2428.83;2419.27;2423.78;30744
2024.08.09 08:00;2423.77;2426.92;2416.78;2424.42;32569
2024.08.09 12:00;2424.39;2432.49;2422.63;2429.56;30822
2024.08.09 16:00;2429.56;2435.83;2420.96;2434.38;48762
2024.08.09 20:00;2434.38;2436.93;2427.15;2431.07;20916
2024.08.12 00:00;2429.26;2433.35;2426.71;2428.38;9580
2024.08.12 04:00;2428.39;2433.41;2423.75;2433.28;20891
2024.08.12 08:00;2433.26;2443.72;2429.01;2441.86;28309
2024.08.12 12:00;2441.87;2445.31;2439.57;2444.33;25763
2024.08.12 16:00;2444.35;2466.01;2442.02;2463.03;48709
2024.08.12 20:00;2463.03;2473.16;2461.66;2472.03;21312
2024.08.13 00:00;2471.08;2476.82;2468.37;2472.05;12096
2024.08.13 04:00;2472.06;2473.54;2460.14;2461.92;32676
2024.08.13 08:00;2461.9;2466.05;2458.4;2460.52;29608
2024.08.13 12:00;2460.49;2472.42;2458.85;2467.57;29133
2024.08.13 16:00;2467.58;2475.61;2458.86;2469.39;44393
2024.08.13 20:00;2469.39;2470.19;2462.15;2464.98;18997
2024.08.14 00:00;2465.65;2467.27;2462.87;2465.61;8635
2024.08.14 04:00;2465.59;2472.46;2455.29;2461.79;34454
2024.08.14 08:00;2461.78;2478.58;2459.16;2474.32;31794
2024.08.14 12:00;2474.3;2479.7;2462.38;2468.69;33051
2024.08.14 16:00;2468.69;2469.47;2437.98;2444.09;56747
2024.08.14 20:00;2444.1;2448.29;2440.23;2447.92;22893
2024.08.15 00:00;2447.5;2454.15;2446.51;2450.06;9270
2024.08.15 04:00;2450.04;2455.36;2448.08;2453.3;28477
2024.08.15 08:00;2453.29;2458.67;2450.26;2455.41;29210
2024.08.15 12:00;2455.41;2469.95;2440.94;2440.94;31419
2024.08.15 16:00;2440.99;2459.8;2432.09;2455.6;54553
2024.08.15 20:00;2455.65;2461.52;2453.37;2456.24;23387
2024.08.16 00:00;2455.96;2459.64;2454.28;2458.24;8148
2024.08.16 04:00;2458.38;2459.98;2450.64;2452.63;28047
2024.08.16 08:00;2452.62;2464.37;2451.05;2462.24;29681
2024.08.16 12:00;2462.26;2492.27;2461.14;2491.54;33193
2024.08.16 16:00;2491.53;2499.94;2477.43;2495.78;54915
2024.08.16 20:00;2495.8;2509.61;2492.99;2507.46;26419
2024.08.19 00:00;2508.41;2510.06;2500.26;2501.92;13206
2024.08.19 04:00;2501.94;2505.94;2494.89;2500.54;37321
2024.08.19 08:00;2500.56;2507.09;2499.01;2503.05;35455
2024.08.19 12:00;2503.06;2503.88;2486.42;2491.05;32589
2024.08.19 16:00;2491.08;2507.37;2485.54;2505.59;47999
2024.08.19 20:00;2505.39;2505.73;2500.62;2504.23;16991
2024.08.20 00:00;2503.42;2506.73;2502.04;2504.85;8907
2024.08.20 04:00;2504.85;2508.1;2498.59;2500.73;28450
2024.08.20 08:00;2500.72;2523;2497.23;2519.76;36036
2024.08.20 12:00;2519.77;2529.11;2519.74;2526.74;32730
2024.08.20 16:00;2526.8;2531.53;2500.74;2508.95;53588
2024.08.20 20:00;2509;2516.79;2506.68;2514.01;17867
2024.08.21 00:00;2513.79;2515.98;2512.38;2513.39;10380
2024.08.21 04:00;2513.48;2519.84;2510.77;2516.06;30270
2024.08.21 08:00;2516.06;2519.47;2506.8;2507.22;29342
2024.08.21 12:00;2507.2;2513.59;2504.36;2510.44;27271
2024.08.21 16:00;2510.45;2512.76;2493.81;2507;54731
2024.08.21 20:00;2507.02;2519.04;2506.83;2512.3;26298
2024.08.22 00:00;2511.93;2514.56;2511.13;2513.63;8913
2024.08.22 04:00;2513.63;2514.04;2499.22;2501.83;32494
2024.08.22 08:00;2501.83;2510.48;2500.59;2503.53;32872
2024.08.22 12:00;2503.51;2508.98;2495.19;2500.56;32100
2024.08.22 16:00;2500.57;2501.43;2470.73;2484.15;53012
2024.08.22 20:00;2484.14;2484.75;2478.48;2484.73;23121
2024.08.23 00:00;2484.81;2492.15;2484.33;2489.89;8844
2024.08.23 04:00;2489.89;2494.4;2486.61;2493.32;28980
2024.08.23 08:00;2493.33;2499.84;2490.52;2498.88;28727
2024.08.23 12:00;2498.91;2502.35;2495.51;2501.17;26945
2024.08.23 16:00;2501.18;2518.23;2494.32;2510.16;61881
2024.08.23 20:00;2510.17;2513.11;2507.78;2511.93;23590
2024.08.26 00:00;2511.56;2516.82;2510.89;2513.59;15158
2024.08.26 04:00;2513.61;2515.3;2508.87;2509.51;31469
2024.08.26 08:00;2509.47;2525.65;2508.63;2524.12;31211
2024.08.26 12:00;2524.12;2526.7;2520.81;2523.74;28789
2024.08.26 16:00;2523.74;2526.34;2510.52;2520.08;46138
2024.08.26 20:00;2520.06;2523.24;2515.52;2517.91;19782
2024.08.27 00:00;2518.06;2518.23;2512.8;2513.06;7107
2024.08.27 04:00;2513.09;2514;2505.74;2507.23;26842
2024.08.27 08:00;2507.24;2517.43;2503.45;2510.92;34482
2024.08.27 12:00;2510.88;2514.24;2506.8;2509.75;31260
2024.08.27 16:00;2509.72;2520.17;2503.47;2514.32;45335
2024.08.27 20:00;2514.32;2525.84;2513.99;2524.59;21618
2024.08.28 00:00;2524.56;2528.9;2523.78;2524.3;8266
2024.08.28 04:00;2524.24;2524.24;2510.18;2511.43;24654
2024.08.28 08:00;2511.44;2511.6;2503.2;2508.1;36040
2024.08.28 12:00;2508.06;2511.26;2493.55;2500.51;31127
2024.08.28 16:00;2500.53;2510.47;2496.31;2501.82;45132
2024.08.28 20:00;2501.81;2509.5;2500.48;2504.67;21891
2024.08.29 00:00;2504.55;2515.29;2504.37;2512.21;11063
2024.08.29 04:00;2512.2;2518.09;2511.59;2515.81;25074
2024.08.29 08:00;2515.78;2521.13;2513.66;2517.05;32315
2024.08.29 12:00;2517.08;2524.29;2503.55;2509.09;34788
2024.08.29 16:00;2509.08;2526.58;2508.13;2525.17;47807
2024.08.29 20:00;2525.14;2528.6;2520.57;2521.09;22146
2024.08.30 00:00;2521.13;2521.58;2516.65;2517.65;7063
2024.08.30 04:00;2517.66;2519.95;2512.07;2513.27;23653
2024.08.30 08:00;2513.28;2526.63;2512.42;2522.82;30990
2024.08.30 12:00;2522.82;2526.75;2514.89;2519.63;31502
2024.08.30 16:00;2519.58;2519.76;2496.53;2497.62;56490
2024.08.30 20:00;2497.63;2504.64;2494.06;2503.35;25103
2024.09.02 00:00;2502.34;2504.88;2501.05;2501.4;7771
2024.09.02 04:00;2501.38;2504.6;2489.94;2496.84;27399
2024.09.02 08:00;2496.83;2507.18;2495.2;2506.2;28293
2024.09.02 12:00;2506.16;2506.51;2496.94;2501.17;21684
2024.09.02 16:00;2501.17;2502.35;2497.64;2500.41;22482
2024.09.02 20:00;2500.42;2501.18;2498.69;2499.46;2838
2024.09.03 00:00;2499.89;2500.56;2494.93;2495.66;7531
2024.09.03 04:00;2495.64;2496.84;2489.69;2495.87;30502
2024.09.03 08:00;2495.85;2506.18;2492.66;2503.86;32943
2024.09.03 12:00;2503.86;2504.89;2484.67;2493.11;38702
2024.09.03 16:00;2493.12;2497.54;2473.39;2485.98;55055
2024.09.03 20:00;2485.98;2494.24;2485.37;2492.86;20408
2024.09.04 00:00;2493.05;2494.88;2492.05;2492.28;10768
2024.09.04 04:00;2492.26;2496.75;2491.22;2495.79;24940
2024.09.04 08:00;2495.76;2496.49;2472.39;2473.2;33786
2024.09.04 12:00;2473.19;2491.14;2471.77;2486.43;34849
2024.09.04 16:00;2486.47;2500.15;2481.97;2496.62;49756
2024.09.04 20:00;2496.62;2497.22;2491.39;2495.44;19019
2024.09.05 00:00;2495.24;2496.8;2494.41;2495.1;8265
2024.09.05 04:00;2495.09;2499.21;2493.72;2494.18;24657
2024.09.05 08:00;2494.15;2516.56;2493.86;2514.59;34506
2024.09.05 12:00;2514.6;2523.31;2513.23;2517.63;35148
2024.09.05 16:00;2517.63;2520.46;2503.84;2510.29;51383
2024.09.05 20:00;2510.29;2516.76;2509.16;2516.63;17192
2024.09.06 00:00;2516.84;2517.93;2515.51;2515.81;8461
2024.09.06 04:00;2515.81;2519.44;2512.9;2518.32;23422
2024.09.06 08:00;2518.31;2521.7;2515.42;2517.76;28811
2024.09.06 12:00;2517.75;2529.08;2507.85;2522.17;32137
2024.09.06 16:00;2522.15;2522.93;2485.02;2488.91;71420
2024.09.06 20:00;2488.91;2497.72;2485.85;2497.61;30363
2024.09.09 00:00;2497.09;2498.2;2495.45;2495.89;12755
2024.09.09 04:00;2495.9;2500.31;2494.6;2498.13;29307
2024.09.09 08:00;2498.12;2498.21;2485.44;2492.13;40734
2024.09.09 12:00;2492.13;2504.02;2491.98;2500.82;30742
2024.09.09 16:00;2500.81;2505.14;2493.17;2504.23;43280
2024.09.09 20:00;2504.23;2507.04;2499.32;2506.22;18822
2024.09.10 00:00;2506.19;2507.56;2504.7;2505.31;8670
2024.09.10 04:00;2505.31;2506.75;2500.98;2501.69;25417
2024.09.10 08:00;2501.71;2507.61;2500.02;2502.22;31583
2024.09.10 12:00;2502.22;2513.94;2500.09;2513.71;30553
2024.09.10 16:00;2513.7;2518.32;2500.77;2514.29;46765
2024.09.10 20:00;2514.3;2517.34;2511.97;2516.54;19072
2024.09.11 00:00;2516.55;2519.03;2516.06;2516.45;9004
2024.09.11 04:00;2516.46;2522.45;2514.85;2519.5;32203
2024.09.11 08:00;2519.5;2528.93;2519.24;2524.17;37638
2024.09.11 12:00;2524.18;2524.61;2502.13;2508.06;35054
2024.09.11 16:00;2508.07;2519.93;2500.85;2515.07;56454
2024.09.11 20:00;2515.06;2516.79;2509.68;2511.35;22461
2024.09.12 00:00;2511.97;2513.86;2511;2512.07;8260
2024.09.12 04:00;2512.08;2517.65;2510.9;2516.92;27407
2024.09.12 08:00;2516.92;2522.15;2514.41;2517.29;29900
2024.09.12 12:00;2517.28;2535.14;2512.9;2528.99;34928
2024.09.12 16:00;2528.43;2555.06;2522.05;2550.6;57721
2024.09.12 20:00;2550.61;2559.98;2550.03;2558.6;29447
2024.09.13 00:00;2558.54;2562.67;2556.61;2561.49;12412
2024.09.13 04:00;2561.49;2570.02;2559.85;2568.72;34969
2024.09.13 08:00;2568.71;2570.95;2563;2569.88;38218
2024.09.13 12:00;2569.75;2575.77;2563.6;2575.71;34259
2024.09.13 16:00;2575.74;2585.03;2573.02;2584.21;50428
2024.09.13 20:00;2584.2;2585.92;2577.7;2578.38;21405
2024.09.16 00:00;2579.39;2582.27;2577.6;2581.25;10353
2024.09.16 04:00;2581.25;2588.88;2579.73;2585.7;18584
2024.09.16 08:00;2585.7;2589.56;2579.48;2586.77;30390
2024.09.16 12:00;2586.78;2588.18;2575.17;2583.34;32521
2024.09.16 16:00;2583.34;2589.22;2576.04;2583.59;42630
2024.09.16 20:00;2583.54;2584.01;2579.5;2582.42;14812
2024.09.17 00:00;2582.09;2584.31;2580.18;2580.18;7477
2024.09.17 04:00;2580.2;2586.22;2574.86;2576.82;22310
2024.09.17 08:00;2576.81;2586.82;2574.48;2580.05;29501
2024.09.17 12:00;2580.04;2581.58;2568.29;2577.64;37286
2024.09.17 16:00;2577.69;2582.11;2561.29;2563.04;49517
2024.09.17 20:00;2563.03;2571.56;2560.69;2569.45;22199
2024.09.18 00:00;2569.64;2574.68;2569.56;2572.91;9223
2024.09.18 04:00;2572.91;2576.36;2567.88;2568.58;29821
2024.09.18 08:00;2568.55;2571.84;2565.64;2569.69;30007
2024.09.18 12:00;2569.69;2580.62;2567.9;2576.14;28274
2024.09.18 16:00;2576.15;2578.45;2567.94;2574.79;41046
2024.09.18 20:00;2574.77;2600.04;2546.71;2559.27;57935
2024.09.19 00:00;2558.73;2561.52;2555.62;2558.66;15940
2024.09.19 04:00;2558.68;2566.59;2550.94;2563.96;38199
2024.09.19 08:00;2563.95;2586.52;2563.86;2584.86;41951
2024.09.19 12:00;2584.85;2594.76;2573.08;2576.71;43422
2024.09.19 16:00;2576.65;2592.48;2569.65;2591.64;52289
2024.09.19 20:00;2591.65;2592.57;2585.84;2586.61;20630
2024.09.20 00:00;2586.85;2588.4;2586.05;2587.96;7663
2024.09.20 04:00;2588.04;2594.25;2584.71;2593.61;29390
2024.09.20 08:00;2593.66;2612.65;2592.32;2609.69;37036
2024.09.20 12:00;2609.69;2619.23;2602.38;2615.49;34492
2024.09.20 16:00;2615.49;2625.65;2602.54;2624.78;57989
2024.09.20 20:00;2624.78;2625.27;2617.74;2622.26;25601
2024.09.23 00:00;2619.54;2622.04;2618.09;2618.18;8871
2024.09.23 04:00;2618.21;2631.02;2615.97;2629.32;25814
2024.09.23 08:00;2629.3;2631.22;2613.78;2616.74;37659
2024.09.23 12:00;2616.74;2627.97;2615.31;2626.94;30284
2024.09.23 16:00;2626.95;2634.74;2625.49;2628.12;50036
2024.09.23 20:00;2628.09;2629;2625.6;2628.39;18316
2024.09.24 00:00;2628.64;2628.64;2623.74;2625.09;7873
2024.09.24 04:00;2625.09;2638.15;2624.84;2638;33294
2024.09.24 08:00;2638.01;2639.96;2622.56;2628.97;42273
2024.09.24 12:00;2628.96;2636.09;2623.28;2633;36007
2024.09.24 16:00;2633.06;2655.06;2630.83;2653.41;56441
2024.09.24 20:00;2653.42;2664.24;2649.7;2656.99;27482
2024.09.25 00:00;2657.43;2660.84;2656.53;2660.73;10972
2024.09.25 04:00;2660.73;2670.39;2655.41;2658.83;37880
2024.09.25 08:00;2658.84;2659.72;2651.47;2655.8;36173
2024.09.25 12:00;2655.8;2660.72;2652.65;2659.4;30565
2024.09.25 16:00;2659.39;2667.38;2649.61;2653.63;52762
2024.09.25 20:00;2653.62;2662.86;2653.05;2657.02;21495
2024.09.26 00:00;2656.47;2660.23;2655.31;2659;9754
2024.09.26 04:00;2659.01;2662.81;2656.97;2660.59;25883
2024.09.26 08:00;2660.59;2670.42;2657.9;2668.94;38695
2024.09.26 12:00;2668.93;2685.44;2666.84;2677.16;44419
2024.09.26 16:00;2677.13;2679.6;2654.7;2668.07;61828
2024.09.26 20:00;2668.07;2677.79;2667.5;2672.23;24272
2024.09.27 00:00;2672.24;2673.22;2669.29;2669.7;9551
2024.09.27 04:00;2669.7;2673.87;2666.12;2670.37;35366
2024.09.27 08:00;2670.38;2671.23;2660.81;2662.46;46734
2024.09.27 12:00;2662.5;2674.2;2658.23;2670.01;37612
2024.09.27 16:00;2669.98;2670.93;2644.68;2651.66;59405
2024.09.27 20:00;2651.7;2660.03;2643.04;2659.81;27363
2024.09.30 00:00;2658.25;2665.9;2657.84;2661.56;17702
2024.09.30 04:00;2661.55;2664.28;2647.17;2655.75;34087
2024.09.30 08:00;2655.77;2660.51;2650.55;2653.4;36233
2024.09.30 12:00;2653.45;2653.55;2634.36;2638.87;37237
2024.09.30 16:00;2638.85;2642.02;2628.7;2639;50315
2024.09.30 20:00;2639.01;2641.71;2624.59;2634.53;31732
2024.10.01 00:00;2634.35;2637.09;2632.13;2636.41;8098
2024.10.01 04:00;2636.38;2640.31;2634.42;2639.53;15792
2024.10.01 08:00;2639.53;2647.25;2639.45;2646.43;31180
2024.10.01 12:00;2646.46;2656.57;2645.3;2651.41;33487
2024.10.01 16:00;2651.42;2673.04;2647.9;2666.37;59808
2024.10.01 20:00;2666.38;2671.71;2657.49;2663.37;29957
2024.10.02 00:00;2663.25;2663.25;2656.84;2657.31;8892
2024.10.02 04:00;2657.34;2661.89;2652.52;2654.07;22513
2024.10.02 08:00;2654.06;2656.08;2644.44;2652.34;34786
2024.10.02 12:00;2652.33;2655.42;2643.68;2649.5;32401
2024.10.02 16:00;2649.5;2663.26;2641.02;2649.63;49809
2024.10.02 20:00;2649.6;2659.77;2647.07;2658.67;19408
2024.10.03 00:00;2658.51;2662.79;2657.35;2657.7;11135
2024.10.03 04:00;2657.71;2658.82;2653.23;2654.91;24522
2024.10.03 08:00;2654.9;2657.4;2641.74;2645.06;37239
2024.10.03 12:00;2645.02;2653.93;2640.89;2642.33;39314
2024.10.03 16:00;2642.31;2661.17;2636.9;2659.92;52605
2024.10.03 20:00;2659.96;2662.02;2655.05;2656.01;21827
2024.10.04 00:00;2656.25;2657.43;2654.23;2657.16;7516
2024.10.04 04:00;2657.15;2665.91;2656.68;2664;20823
2024.10.04 08:00;2663.99;2667.77;2658.63;2658.93;29141
2024.10.04 12:00;2658.94;2662.42;2631.91;2638.72;33824
2024.10.04 16:00;2638.7;2670.15;2637.5;2645.34;25742
2024.10.04 20:00;2645.29;2653.96;2642.79;2653.57;12026
2024.10.07 00:00;2649.56;2652.85;2647.78;2649.31;7490
2024.10.07 04:00;2649.43;2652.01;2643.83;2646.82;13922
2024.10.07 08:00;2646.66;2656.39;2639.73;2652.27;17283
2024.10.07 12:00;2652.27;2659.61;2637.74;2640.09;17486
2024.10.07 16:00;2639.86;2653.71;2639.2;2646.87;19737
2024.10.07 20:00;2646.68;2648.73;2639.75;2642.51;9942
2024.10.08 00:00;2644.69;2649.06;2641.58;2643.53;6835
2024.10.08 04:00;2643.36;2648.31;2633.78;2643.09;19169
2024.10.08 08:00;2643.05;2646.42;2628.63;2637.94;20066
2024.10.08 12:00;2637.96;2652.96;2635.73;2645.92;18018
2024.10.08 16:00;2645.99;2647.52;2604.77;2609.06;22462
2024.10.08 20:00;2609.05;2623.6;2605.51;2621.85;11729
2024.10.09 00:00;2621.6;2623.8;2620.61;2621.16;5638
2024.10.09 04:00;2621.13;2624.29;2614.93;2615.98;16005
2024.10.09 08:00;2615.96;2624.34;2609.18;2616.3;18859
2024.10.09 12:00;2616.33;2622.44;2614.6;2618.89;15351
2024.10.09 16:00;2618.95;2620.72;2605.23;2608.69;20603
2024.10.09 20:00;2608.64;2611.05;2605.21;2607.68;10755
2024.10.10 00:00;2607.68;2610.16;2605.89;2609.33;5018
2024.10.10 04:00;2609.31;2616.9;2606.82;2613.88;16362
2024.10.10 08:00;2613.93;2617.36;2610.24;2615.43;16570
2024.10.10 12:00;2615.46;2627.27;2611.34;2625.09;15650
2024.10.10 16:00;2625.33;2629.73;2615.91;2619.23;22021
2024.10.10 20:00;2619.19;2631.52;2616.5;2630.05;11809
2024.10.11 00:00;2629.75;2635.96;2628.02;2633.84;6559
2024.10.11 04:00;2633.87;2646.07;2632.95;2645.66;15389
2024.10.11 08:00;2645.52;2647.12;2637.99;2639.2;14991
2024.10.11 12:00;2639.19;2650.07;2636.17;2643;14993
2024.10.11 16:00;2643;2661.4;2642.63;2660.52;19043
2024.10.11 20:00;2660.5;2661.24;2654.79;2656.38;9217
2024.10.14 00:00;2655.69;2655.84;2645.09;2646.66;8413
2024.10.14 04:00;2646.62;2660.38;2643.17;2659.23;15540
2024.10.14 08:00;2659.23;2666.77;2657.12;2659.41;15373
2024.10.14 12:00;2659.45;2663.01;2649.19;2651.33;13876
2024.10.14 16:00;2651.32;2661.18;2643.93;2648.49;18320
2024.10.14 20:00;2648.47;2653.32;2646.17;2648.52;8376
2024.10.15 00:00;2648.48;2650.98;2647.26;2648.24;5412
2024.10.15 04:00;2648.19;2652.84;2642.97;2644.29;14777
2024.10.15 08:00;2644.35;2655.56;2638.33;2653.81;17090
2024.10.15 12:00;2653.81;2657.34;2645.84;2648.2;16057
2024.10.15 16:00;2648.12;2668.96;2646.09;2661.82;20659
2024.10.15 20:00;2661.8;2666.44;2659.01;2662.64;11046
2024.10.16 00:00;2662.43;2662.83;2658.73;2660.22;4809
2024.10.16 04:00;2660.24;2670.06;2660.14;2666.75;15359
2024.10.16 08:00;2666.77;2680.07;2666.13;2679.43;16939
2024.10.16 12:00;2679.83;2682.73;2672.95;2681.74;16373
2024.10.16 16:00;2681.69;2685.24;2666.13;2674.18;20100
2024.10.16 20:00;2674.29;2676.71;2672.8;2673.64;8231
2024.10.17 00:00;2673.91;2677.98;2673.24;2677.9;4601
2024.10.17 04:00;2677.9;2684.93;2674.5;2679.05;17289
2024.10.17 08:00;2679.08;2685.72;2678.05;2681.86;17579
2024.10.17 12:00;2681.85;2688.8;2673.15;2680.68;17032
2024.10.17 16:00;2680.69;2696.74;2678.01;2692.28;22056
2024.10.17 20:00;2692.37;2694.19;2688.91;2692.83;8937
2024.10.18 00:00;2692.69;2695.87;2691.82;2692.95;4622
2024.10.18 04:00;2693.04;2711.95;2692.81;2710.19;16932
2024.10.18 08:00;2710.18;2714.07;2701.78;2706.31;17780
2024.10.18 12:00;2706.36;2716.97;2706.23;2709.5;16701
2024.10.18 16:00;2709.24;2720.11;2704.99;2717.6;20059
2024.10.18 20:00;2717.61;2722.6;2713.63;2721.91;11471
2024.10.21 00:00;2720.16;2725.84;2719.29;2721.61;9058
2024.10.21 04:00;2721.62;2732.82;2721.05;2730.35;17166
2024.10.21 08:00;2730.37;2733.13;2723.53;2731.39;17730
2024.10.21 12:00;2731.52;2739.82;2727.75;2738.53;18257
2024.10.21 16:00;2738.7;2740.56;2716.9;2723.45;21347
2024.10.21 20:00;2723.51;2725.62;2714.27;2719.5;10814
2024.10.22 00:00;2719.49;2725.21;2718.93;2724.82;5598
2024.10.22 04:00;2724.82;2736.02;2723.87;2734.73;16110
2024.10.22 08:00;2734.7;2738.36;2729.02;2734.9;16092
2024.10.22 12:00;2734.92;2739.38;2729.49;2736.23;17438
2024.10.22 16:00;2736.22;2745.58;2733.81;2745.36;20365
2024.10.22 20:00;2745.43;2748.86;2743.61;2748.81;11441
2024.10.23 00:00;2748.27;2748.27;2744.8;2745.26;4742
2024.10.23 04:00;2745.15;2750.69;2737.89;2750;17227
2024.10.23 08:00;2749.99;2758.47;2748.08;2756.89;17039
2024.10.23 12:00;2757.02;2757.58;2740.77;2743.32;17533
2024.10.23 16:00;2743.37;2744.19;2708.78;2719.35;22644
2024.10.23 20:00;2719.34;2720.68;2712.03;2715.57;12846
2024.10.24 00:00;2715.39;2721.9;2715.09;2721.29;6397
2024.10.24 04:00;2721.22;2727.02;2720.26;2726.54;15946
2024.10.24 08:00;2726.49;2737.89;2725.83;2736.87;17789
2024.10.24 12:00;2736.81;2741.59;2734.39;2739.08;16473
2024.10.24 16:00;2738.91;2743.19;2722.49;2733.52;22346
2024.10.24 20:00;2733.52;2737.68;2732.92;2735.84;11276
2024.10.25 00:00;2735.83;2736.03;2731.3;2732.39;4964
2024.10.25 04:00;2732.46;2735.15;2723.87;2726.01;15380
2024.10.25 08:00;2726.06;2732.6;2718.85;2719.4;16798
2024.10.25 12:00;2719.4;2732.52;2717.02;2731.49;16360
2024.10.25 16:00;2731.58;2742.01;2725.22;2739.19;20622
2024.10.25 20:00;2739.18;2747.55;2738.72;2747.39;10753
2024.10.28 00:00;2732.7;2740.17;2724.72;2732.26;16297
2024.10.28 04:00;2732.34;2738.81;2729.08;2738.42;12937
2024.10.28 08:00;2738.44;2744.55;2728.5;2729.3;16102
2024.10.28 12:00;2729.1;2743.39;2727.89;2740.93;16618
2024.10.28 16:00;2740.84;2745.92;2738.95;2743.32;18354
2024.10.28 20:00;2743.33;2743.5;2740.15;2742.24;7114
2024.10.29 00:00;2741.97;2752.36;2739.8;2752.11;10776
2024.10.29 04:00;2752.1;2757.76;2748.61;2749.96;15904
2024.10.29 08:00;2749.96;2756.65;2746.37;2752.48;17457
2024.10.29 12:00;2752.51;2763.95;2746.33;2759.91;19254
2024.10.29 16:00;2759.77;2772.54;2759.77;2769.73;21091
2024.10.29 20:00;2769.81;2774.75;2768.19;2774.44;8034
2024.10.30 00:00;2774.11;2782.21;2772.85;2781.74;10760
2024.10.30 04:00;2781.72;2784.93;2776.07;2783.15;14715
2024.10.30 08:00;2783.12;2789.84;2779.54;2784.59;17431
2024.10.30 12:00;2784.56;2787.54;2770.87;2777.34;19587
2024.10.30 16:00;2777.24;2789.61;2771.97;2788.6;21036
2024.10.30 20:00;2788.62;2790.05;2784.49;2787.21;8733
2024.10.31 00:00;2787.85;2790.09;2783.54;2784.65;9380
2024.10.31 04:00;2784.62;2789.02;2782.05;2785.06;13042
2024.10.31 08:00;2785.08;2786.03;2776.92;2778.21;16502
2024.10.31 12:00;2778.21;2782.61;2754.71;2755.33;19670
2024.10.31 16:00;2755.34;2756.84;2731.64;2739.63;22115
2024.10.31 20:00;2739.68;2749.64;2739.62;2743.77;10328
2024.11.01 00:00;2743.91;2749.89;2743.57;2749.65;11023
2024.11.01 04:00;2749.56;2755.21;2745.81;2754.98;14882
2024.11.01 08:00;2755.06;2757.67;2747.08;2751.26;17981
2024.11.01 12:00;2751.25;2762.26;2744.84;2755.67;20304
2024.11.01 16:00;2757.77;2758.87;2735.09;2736.32;22004
2024.11.01 20:00;2736.31;2738.02;2733.17;2735.84;9315
2024.11.04 00:00;2738.13;2741.33;2730.55;2739.91;12222
2024.11.04 04:00;2739.9;2743.68;2736.98;2741.53;15775
2024.11.04 08:00;2741.56;2744.75;2732.04;2743.3;18320
2024.11.04 12:00;2743.31;2746.74;2736.1;2746.73;17743
2024.11.04 16:00;2746.74;2748.16;2731.74;2738.41;21053
2024.11.04 20:00;2738.46;2739.66;2735.67;2736.46;11835
2024.11.05 00:00;2736.84;2738.06;2732.94;2734.25;8500
2024.11.05 04:00;2734.25;2737.22;2724.71;2732.56;15577
2024.11.05 08:00;2732.56;2744.9;2731.7;2739.91;17344
2024.11.05 12:00;2739.92;2746.74;2735.6;2744.8;16380
2024.11.05 16:00;2744.71;2749.88;2732.99;2741.99;20502
2024.11.05 20:00;2741.99;2744.96;2739.34;2743.72;10871
2024.11.06 00:00;2743.32;2749.69;2732.64;2747.09;12985
2024.11.06 04:00;2746.88;2748.39;2730.69;2739.05;23116
2024.11.06 08:00;2738.79;2739.33;2701.5;2724.65;23129
2024.11.06 12:00;2724.53;2727.12;2659.14;2664.12;22150
2024.11.06 16:00;2663.89;2678.18;2652.44;2663.24;23822
2024.11.06 20:00;2663.35;2669.57;2658.89;2658.94;14553
2024.11.07 00:00;2659.18;2664.33;2643.33;2649.44;11296
2024.11.07 04:00;2649.41;2661.24;2649.41;2659.31;16975
2024.11.07 08:00;2659.13;2667.57;2652.82;2661.62;18774
2024.11.07 12:00;2661.64;2685.06;2659.85;2684.51;18500
2024.11.07 16:00;2684.73;2700.21;2682.38;2699.21;21869
2024.11.07 20:00;2699.32;2710.27;2687.56;2706.24;16980
2024.11.08 00:00;2705.81;2710.35;2699.19;2699.85;10143
2024.11.08 04:00;2699.87;2701.03;2693.28;2695.12;15473
2024.11.08 08:00;2695.12;2695.7;2680.35;2689.23;19553
2024.11.08 12:00;2689.3;2701.04;2682.02;2697.57;18916
2024.11.08 16:00;2697.69;2704.1;2682.98;2687.89;21558
2024.11.08 20:00;2687.89;2688.75;2682.74;2684.15;11589
2024.11.11 00:00;2682.96;2686.22;2671.89;2672.99;10667
2024.11.11 04:00;2673.02;2675.12;2666.43;2669.24;15485
2024.11.11 08:00;2669.22;2674.05;2663.85;2666.85;17771
2024.11.11 12:00;2666.84;2675.33;2634.33;2635.49;19764
2024.11.11 16:00;2635.54;2635.63;2611.52;2612.56;21257
2024.11.11 20:00;2612.54;2626.17;2610.59;2619.3;11241
2024.11.12 00:00;2619.5;2627.13;2619.2;2624.05;8986
2024.11.12 04:00;2623.97;2625.43;2605.4;2606.89;16099
2024.11.12 08:00;2606.84;2610.14;2590.87;2593.31;20251
2024.11.12 12:00;2593.28;2616.37;2589.81;2611.58;20626
2024.11.12 16:00;2611.62;2616.96;2592.46;2597.46;22535
2024.11.12 20:00;2597.54;2602.05;2595.09;2597.98;13262
2024.11.13 00:00;2598.53;2611.19;2597.57;2607.98;8762
2024.11.13 04:00;2608.25;2613.34;2603.6;2605.79;15030
2024.11.13 08:00;2605.79;2611.6;2601.06;2608.65;16916
2024.11.13 12:00;2608.6;2618.81;2605.85;2612.31;17996
2024.11.13 16:00;2612.21;2616.36;2577.56;2583.32;24395
2024.11.13 20:00;2583.29;2585.42;2572.65;2572.7;14390
2024.11.14 00:00;2574.82;2581.29;2561.55;2562.56;11401
2024.11.14 04:00;2562.48;2565.3;2555.33;2558.64;16769
2024.11.14 08:00;2558.71;2560.5;2536.77;2543.51;20488
2024.11.14 12:00;2543.53;2560.27;2539.02;2557.18;21242
2024.11.14 16:00;2557.13;2577.42;2554.34;2572.93;23142
2024.11.14 20:00;2573.1;2576.86;2563.9;2564.53;16620
2024.11.15 00:00;2565.12;2571.71;2563.1;2564.95;9664
2024.11.15 04:00;2565;2571.1;2559.78;2559.99;14616
2024.11.15 08:00;2559.95;2568.92;2554.58;2564;18828
2024.11.15 12:00;2564;2575.67;2561.31;2565.32;20180
2024.11.15 16:00;2565.21;2576.05;2560.15;2562.92;23262
2024.11.15 20:00;2562.98;2568.01;2559.45;2561.78;13706
2024.11.18 00:00;2564.94;2597.27;2564.79;2587.01;12674
2024.11.18 04:00;2586.92;2594.99;2585.08;2585.56;15249
2024.11.18 08:00;2585.48;2597.26;2580.41;2595.69;18891
2024.11.18 12:00;2595.78;2604.98;2589.55;2603.88;18606
2024.11.18 16:00;2603.96;2615.02;2602.77;2610.44;20586
2024.11.18 20:00;2610.4;2612.57;2607.67;2611.72;11513
2024.11.19 00:00;2611.74;2617.78;2610.23;2615.62;8349
2024.11.19 04:00;2615.6;2625.6;2615.6;2622.55;15117
2024.11.19 08:00;2622.57;2634.44;2617.73;2630.28;19754
2024.11.19 12:00;2629.95;2639.4;2628.8;2635.25;19723
2024.11.19 16:00;2635.18;2636.81;2621;2628.1;22031
2024.11.19 20:00;2628.14;2634.57;2626.32;2632.11;11423
2024.11.20 00:00;2632;2641.48;2631.79;2639.57;9312
2024.11.20 04:00;2639.61;2641.75;2634.93;2636.84;13616
2024.11.20 08:00;2636.65;2637.05;2618.91;2621.91;18482
2024.11.20 12:00;2621.88;2640.4;2620.94;2636.06;18281
2024.11.20 16:00;2636.09;2655.35;2634.18;2651.84;20921
2024.11.20 20:00;2651.91;2653.04;2645.4;2650.08;13543
2024.11.21 00:00;2649.8;2660.41;2648.63;2653.29;9290
2024.11.21 04:00;2653.45;2658.93;2650.38;2656.87;13553
2024.11.21 08:00;2656.93;2671.66;2656.59;2668.83;18028
2024.11.21 12:00;2668.84;2673.47;2660.46;2665.44;18026
2024.11.21 16:00;2665.53;2672.82;2661.32;2671.79;22209
2024.11.21 20:00;2671.85;2673.44;2667.86;2669.41;12927
2024.11.22 00:00;2669.66;2679.45;2668.21;2677.87;9493
2024.11.22 04:00;2677.74;2692.26;2677.3;2686.59;17006
2024.11.22 08:00;2686.65;2707.44;2685.9;2703.26;20050
2024.11.22 12:00;2703.45;2709.99;2689.4;2692.91;20790
2024.11.22 16:00;2693.04;2707.26;2684.6;2706.8;21884
2024.11.22 20:00;2706.82;2715.5;2705.12;2715.34;13523
2024.11.25 00:00;2692.25;2721.31;2691.7;2701.19;14052
2024.11.25 04:00;2701.3;2704.47;2657.72;2664.78;19027
2024.11.25 08:00;2664.95;2675.15;2661.74;2673.88;19619
2024.11.25 12:00;2673.77;2688.73;2668.86;2678.31;17526
2024.11.25 16:00;2678.28;2678.75;2624.62;2627.8;22116
2024.11.25 20:00;2627.67;2628.76;2615.6;2625.46;13269
2024.11.26 00:00;2625.01;2632.15;2604.86;2628.06;13312
2024.11.26 04:00;2628.13;2631.42;2617.83;2624.34;15771
2024.11.26 08:00;2624.4;2627.06;2610.89;2625.98;18442
2024.11.26 12:00;2626.04;2641.9;2624.03;2629.96;18984
2024.11.26 16:00;2629.84;2633.78;2616.84;2625.02;20763
2024.11.26 20:00;2624.99;2633.53;2619.56;2633.02;13114
2024.11.27 00:00;2630.47;2634.15;2627;2631.46;8400
2024.11.27 04:00;2631.38;2645.75;2631.16;2642.02;14140
2024.11.27 08:00;2642.11;2653.79;2638.97;2648.31;16985
2024.11.27 12:00;2648.32;2658.2;2643.46;2656.26;17130
2024.11.27 16:00;2656.19;2656.78;2635.37;2637.3;21213
2024.11.27 20:00;2637.26;2640.75;2633.89;2635.95;11515
2024.11.28 00:00;2637.8;2638.38;2620.92;2628.78;9050
2024.11.28 04:00;2628.82;2634.01;2625.59;2633.41;13008
2024.11.28 08:00;2633.42;2647.92;2631.86;2646.14;14622
2024.11.28 12:00;2646.14;2649.57;2642.74;2647.09;14096
2024.11.28 16:00;2647.08;2647.95;2636.24;2640.92;12219
2024.11.28 20:00;2640.91;2641.34;2636.96;2637.07;1095
2024.11.29 00:00;2637.58;2647.18;2634.03;2644.95;9494
2024.11.29 04:00;2644.94;2664.28;2644.82;2662.35;16214
2024.11.29 08:00;2662.3;2666.37;2654.56;2664.17;16486
2024.11.29 12:00;2664.17;2665.85;2656.22;2657.98;17043
2024.11.29 16:00;2658;2662.7;2650.68;2660.5;20605
2024.11.29 20:00;2660.53;2660.53;2648.54;2650.33;6418
2024.12.02 00:00;2652.01;2652.69;2622.92;2635.88;12797
2024.12.02 04:00;2635.9;2638.04;2621.92;2623.14;18310
2024.12.02 08:00;2623.12;2636.82;2621.86;2633.64;19278
2024.12.02 12:00;2633.53;2648.81;2633.33;2646.97;19480
2024.12.02 16:00;2646.96;2651.5;2637.32;2638.81;21155
2024.12.02 20:00;2638.79;2644.13;2633.59;2638.62;12090
2024.12.03 00:00;2639.23;2645.13;2634.11;2636.54;9928
2024.12.03 04:00;2636.53;2642.96;2634.52;2641.14;14920
2024.12.03 08:00;2641.22;2650.05;2639.27;2643.98;18428
2024.12.03 12:00;2644.1;2653.61;2637.78;2652.85;16785
2024.12.03 16:00;2652.94;2655.56;2635.22;2647;21199
2024.12.03 20:00;2647.02;2649.11;2640.26;2643.5;10668
2024.12.04 00:00;2643.29;2643.57;2637.76;2642.24;9041
2024.12.04 04:00;2642.11;2651.15;2642;2649.75;15449
2024.12.04 08:00;2649.78;2651.37;2636.66;2640.88;17318
2024.12.04 12:00;2640.97;2649.19;2632.31;2648.46;17776
2024.12.04 16:00;2648.48;2656.99;2645.02;2651.38;21710
2024.12.04 20:00;2651.39;2655.41;2646.84;2649.88;12504
2024.12.05 00:00;2649.6;2651.67;2646.24;2647.07;8500
2024.12.05 04:00;2647.1;2655.54;2644.69;2653.14;13466
2024.12.05 08:00;2653.04;2654.11;2641.87;2644.82;15996
2024.12.05 12:00;2644.78;2654.49;2644.34;2648.91;16397
2024.12.05 16:00;2648.9;2650.2;2623.7;2628.01;21623
2024.12.05 20:00;2627.98;2632.4;2623.52;2631.66;11597
2024.12.06 00:00;2631.76;2633.82;2612.32;2617.61;9554
2024.12.06 04:00;2617.61;2644.35;2616.94;2638.02;15087
2024.12.06 08:00;2637.98;2645.6;2636.04;2640.68;16220
2024.12.06 12:00;2640.74;2643.34;2631.01;2635.61;17726
2024.12.06 16:00;2635.57;2641.62;2624.03;2635;21728
2024.12.06 20:00;2634.86;2639;2631.07;2632.67;10812
2024.12.09 00:00;2643.88;2650.49;2627.57;2646.72;13530
2024.12.09 04:00;2646.7;2648.66;2634.59;2638.37;16520
2024.12.09 08:00;2638.35;2657.47;2638.23;2655.64;17325
2024.12.09 12:00;2655.71;2666.26;2653.38;2665.54;17850
2024.12.09 16:00;2665.72;2676.32;2662.68;2664.51;21175
2024.12.09 20:00;2664.6;2664.62;2656.68;2660.18;12408
2024.12.10 00:00;2660.85;2668.63;2657.93;2667.47;9893
2024.12.10 04:00;2667.51;2673.81;2665.44;2668.88;16820
2024.12.10 08:00;2668.72;2670.86;2661.28;2664.99;16551
2024.12.10 12:00;2665.04;2681.97;2664.44;2680.38;18247
2024.12.10 16:00;2680.37;2695.46;2679.45;2694.32;19969
2024.12.10 20:00;2694.29;2695.17;2690.91;2693.8;10918
2024.12.11 00:00;2693.98;2703.6;2693.34;2699.8;10869
2024.12.11 04:00;2700.15;2704.06;2674.85;2687.71;13929
2024.12.11 08:00;2686.89;2697.84;2685.94;2695.73;13072
2024.12.11 12:00;2695.85;2702.29;2690.5;2701.06;22557
2024.12.11 16:00;2701.07;2719.89;2696.48;2717.98;24091
2024.12.11 20:00;2717.93;2721.07;2713.09;2717.95;15864
2024.12.12 00:00;2717.58;2726.15;2700.32;2710.39;8650
2024.12.12 04:00;2710.38;2716.24;2703.54;2713.3;12329
2024.12.12 08:00;2713.27;2720.3;2709.83;2715;17253
2024.12.12 12:00;2714.66;2715.79;2697.18;2697.45;21643
2024.12.12 16:00;2697.23;2699.54;2675.03;2686.36;23599
2024.12.12 20:00;2686.33;2687.01;2679.46;2680.55;13786
2024.12.13 00:00;2681;2692.77;2678.42;2689.96;9209
2024.12.13 04:00;2689.96;2691.26;2684.37;2688.28;15886
2024.12.13 08:00;2688.28;2690.51;2667.4;2668.77;18939
2024.12.13 12:00;2668.87;2672.92;2659.65;2662.06;19441
2024.12.13 16:00;2661.95;2664.61;2654.49;2656.33;20324
2024.12.13 20:00;2656.36;2657.09;2645.68;2648.8;12742
2024.12.16 00:00;2650.72;2655.6;2643.52;2653.42;8097
2024.12.16 04:00;2653.44;2655.43;2649.58;2652.81;10700
2024.12.16 08:00;2652.57;2662.03;2651.69;2658.09;13609
2024.12.16 12:00;2658.16;2664.23;2657.4;2661.91;14842
2024.12.16 16:00;2662.13;2663.03;2648.57;2652.08;18142
2024.12.16 20:00;2652.06;2655.79;2651.31;2652.62;8916
2024.12.17 00:00;2652.65;2658.57;2651.15;2658.05;7431
2024.12.17 04:00;2657.73;2658.54;2649.04;2653.75;12395
2024.12.17 08:00;2653.82;2657.1;2638.1;2639.65;16242
2024.12.17 12:00;2639.56;2646.87;2634.72;2637.08;16810
2024.12.17 16:00;2637.06;2647.08;2633.03;2645.99;19554
2024.12.17 20:00;2645.96;2648.98;2643.1;2646.4;10291
2024.12.18 00:00;2646.32;2651.7;2644.77;2650.97;6749
2024.12.18 04:00;2651.03;2651.04;2642.64;2647.44;12488
2024.12.18 08:00;2647.43;2649.66;2642.15;2646.83;13846
2024.12.18 12:00;2646.86;2649.4;2640.88;2643.89;12961
2024.12.18 16:00;2644.2;2644.95;2632.92;2636.03;17519
2024.12.18 20:00;2636.03;2638.97;2583.62;2585.31;18844
2024.12.19 00:00;2585.48;2618.11;2582.92;2611.99;10709
2024.12.19 04:00;2611.65;2613.92;2606.15;2607.19;10933
2024.12.19 08:00;2606.98;2622.9;2603.27;2620.5;15541
2024.12.19 12:00;2620.48;2626.42;2595.28;2596.37;18421
2024.12.19 16:00;2596.19;2600.77;2586.98;2592.61;21555
2024.12.19 20:00;2592.65;2601.01;2591.86;2594.39;13012
2024.12.20 00:00;2594.75;2603.88;2589.69;2603.8;8466
2024.12.20 04:00;2603.8;2603.99;2595.57;2600.2;11709
2024.12.20 08:00;2600.29;2607.7;2598.9;2605.07;14451
2024.12.20 12:00;2605.11;2614.15;2600.12;2609.53;15719
2024.12.20 16:00;2609.33;2631.82;2608.52;2625.43;21011
2024.12.20 20:00;2624.78;2629.27;2618.65;2623.03;13216
2024.12.23 00:00;2620.78;2626.27;2617.6;2620.85;8738
2024.12.23 04:00;2620.79;2629.24;2620.45;2626.59;11311
2024.12.23 08:00;2626.58;2633.22;2624.53;2626.43;13448
2024.12.23 12:00;2626.3;2626.82;2613.01;2617.38;16087
2024.12.23 16:00;2617;2619.82;2608.13;2611.2;17841
2024.12.23 20:00;2611.2;2613.68;2609.14;2612.77;10193
2024.12.24 00:00;2613.12;2618.02;2612.87;2617.64;6556
2024.12.24 04:00;2617.51;2621.41;2615.65;2619.24;10198
2024.12.24 08:00;2619.2;2621.46;2613.37;2613.54;11017
2024.12.24 12:00;2613.54;2617.86;2611.29;2614.3;11799
2024.12.24 16:00;2614.3;2619.36;2610.02;2616.98;15769
2024.12.24 20:00;2616.99;2617.92;2614.68;2616.59;1266
2024.12.26 00:00;2616.14;2627.74;2614.12;2626.64;6447
2024.12.26 04:00;2626.64;2629.18;2625.48;2626.39;8718
2024.12.26 08:00;2626.34;2629.61;2623.64;2627.48;8474
2024.12.26 12:00;2627.5;2631.12;2621.73;2623.12;11462
2024.12.26 16:00;2623.09;2639.14;2622.4;2629.18;17369
2024.12.26 20:00;2629.11;2636.14;2629.06;2633.53;11284
2024.12.27 00:00;2635.7;2636.02;2629.4;2632.18;6108
2024.12.27 04:00;2632.07;2635.47;2628.94;2631.33;9284
2024.12.27 08:00;2631.24;2638.34;2623.76;2624.06;11729
2024.12.27 12:00;2624.03;2631.52;2618.05;2618.81;13686
2024.12.27 16:00;2618.84;2619.69;2611.69;2615.88;17854
2024.12.27 20:00;2615.82;2621.56;2612.61;2621.54;10972
2024.12.30 00:00;2621.03;2626.83;2619.88;2624.32;6040
2024.12.30 04:00;2624.32;2628.13;2620.5;2623.75;8412
2024.12.30 08:00;2623.76;2624.67;2609.23;2612.8;12287
2024.12.30 12:00;2612.77;2622.5;2606.58;2606.66;13773
2024.12.30 16:00;2606.92;2613.77;2596.09;2605.09;19051
2024.12.30 20:00;2605.25;2609.52;2603.45;2605.96;10284
2024.12.31 00:00;2605.71;2611.59;2603.87;2608.99;5694
2024.12.31 04:00;2608.98;2609.63;2602.59;2604.36;9744
2024.12.31 08:00;2604.32;2617.79;2603.56;2615.27;13083
2024.12.31 12:00;2615.41;2616.13;2605.33;2613.32;13839
2024.12.31 16:00;2613.33;2627.58;2611.34;2624.38;17673
2024.12.31 20:00;2624.29;2627.22;2622.22;2624.61;9235
